28/10/2023 10:36:37,D:/oneid_backend/icao-guidelines-server/dataset\N230101660.JPG,False
28/10/2023 10:36:37,D:/oneid_backend/icao-guidelines-server/dataset\N230101661.JPG,False
28/10/2023 10:36:37,D:/oneid_backend/icao-guidelines-server/dataset\N230101664.JPG,False
28/10/2023 10:36:37,D:/oneid_backend/icao-guidelines-server/dataset\N230101669.JPG,False
28/10/2023 10:36:37,D:/oneid_backend/icao-guidelines-server/dataset\N230101671.JPG,False
28/10/2023 10:36:37,D:/oneid_backend/icao-guidelines-server/dataset\N230101683.JPG,False
28/10/2023 10:36:37,D:/oneid_backend/icao-guidelines-server/dataset\N230101691.JPG,False
28/10/2023 10:36:37,D:/oneid_backend/icao-guidelines-server/dataset\N230101696.JPG,False
28/10/2023 10:36:37,D:/oneid_backend/icao-guidelines-server/dataset\N230101709.JPG,False
28/10/2023 10:36:37,D:/oneid_backend/icao-guidelines-server/dataset\N230101710.JPG,False
28/10/2023 10:36:37,D:/oneid_backend/icao-guidelines-server/dataset\N230101717.JPG,False
28/10/2023 10:36:37,D:/oneid_backend/icao-guidelines-server/dataset\N230101719.JPG,False
28/10/2023 10:36:37,D:/oneid_backend/icao-guidelines-server/dataset\N230101726.JPG,False
28/10/2023 10:36:37,D:/oneid_backend/icao-guidelines-server/dataset\N230101743.JPG,False
28/10/2023 10:36:37,D:/oneid_backend/icao-guidelines-server/dataset\N230101747.JPG,False
28/10/2023 10:36:37,D:/oneid_backend/icao-guidelines-server/dataset\N230101749.JPG,False
28/10/2023 10:36:38,D:/oneid_backend/icao-guidelines-server/dataset\N230101750.JPG,False
28/10/2023 10:36:38,D:/oneid_backend/icao-guidelines-server/dataset\N230101757.JPG,False
28/10/2023 10:36:38,D:/oneid_backend/icao-guidelines-server/dataset\N230101775.JPG,False
28/10/2023 10:36:38,D:/oneid_backend/icao-guidelines-server/dataset\N230101776.JPG,False
28/10/2023 10:36:38,D:/oneid_backend/icao-guidelines-server/dataset\N230101778.JPG,False
28/10/2023 10:36:38,D:/oneid_backend/icao-guidelines-server/dataset\N230101780.JPG,False
28/10/2023 10:36:38,D:/oneid_backend/icao-guidelines-server/dataset\N230101793.JPG,False
28/10/2023 10:36:38,D:/oneid_backend/icao-guidelines-server/dataset\N230101799.JPG,False
28/10/2023 10:36:38,D:/oneid_backend/icao-guidelines-server/dataset\N230101808.JPG,False
28/10/2023 10:36:38,D:/oneid_backend/icao-guidelines-server/dataset\N230101829.JPG,False
28/10/2023 10:36:38,D:/oneid_backend/icao-guidelines-server/dataset\N230101837.JPG,False
28/10/2023 10:36:38,D:/oneid_backend/icao-guidelines-server/dataset\N230101841.JPG,False
28/10/2023 10:36:38,D:/oneid_backend/icao-guidelines-server/dataset\N230101854.JPG,False
28/10/2023 10:36:38,D:/oneid_backend/icao-guidelines-server/dataset\N230101883.JPG,False
28/10/2023 10:36:38,D:/oneid_backend/icao-guidelines-server/dataset\N230101886.JPG,False
28/10/2023 10:36:38,D:/oneid_backend/icao-guidelines-server/dataset\N230101888.JPG,False
28/10/2023 10:36:38,D:/oneid_backend/icao-guidelines-server/dataset\N230101899.JPG,False
28/10/2023 10:36:38,D:/oneid_backend/icao-guidelines-server/dataset\N230101918.JPG,False
28/10/2023 10:36:38,D:/oneid_backend/icao-guidelines-server/dataset\N230101959.JPG,False
28/10/2023 10:36:38,D:/oneid_backend/icao-guidelines-server/dataset\N230101972.JPG,False
28/10/2023 10:36:38,D:/oneid_backend/icao-guidelines-server/dataset\N230101975.JPG,False
28/10/2023 10:36:38,D:/oneid_backend/icao-guidelines-server/dataset\N230101977.JPG,False
28/10/2023 10:36:38,D:/oneid_backend/icao-guidelines-server/dataset\N230101995.JPG,False
28/10/2023 10:36:38,D:/oneid_backend/icao-guidelines-server/dataset\N230102007.JPG,False
28/10/2023 10:36:38,D:/oneid_backend/icao-guidelines-server/dataset\N230102011.JPG,False
28/10/2023 10:36:38,D:/oneid_backend/icao-guidelines-server/dataset\N230102012.JPG,False
28/10/2023 10:36:38,D:/oneid_backend/icao-guidelines-server/dataset\N230201404.JPG,False
28/10/2023 10:36:38,D:/oneid_backend/icao-guidelines-server/dataset\N230201405.JPG,False
28/10/2023 10:36:38,D:/oneid_backend/icao-guidelines-server/dataset\N230201407.JPG,False
28/10/2023 10:36:38,D:/oneid_backend/icao-guidelines-server/dataset\N230201408.JPG,False
28/10/2023 10:36:38,D:/oneid_backend/icao-guidelines-server/dataset\N230201420.JPG,False
28/10/2023 10:36:38,D:/oneid_backend/icao-guidelines-server/dataset\N230201428.JPG,False
28/10/2023 10:36:38,D:/oneid_backend/icao-guidelines-server/dataset\N230201432.JPG,False
28/10/2023 10:36:38,D:/oneid_backend/icao-guidelines-server/dataset\N230201439.JPG,False
28/10/2023 10:36:38,D:/oneid_backend/icao-guidelines-server/dataset\N230201441.JPG,False
28/10/2023 10:36:38,D:/oneid_backend/icao-guidelines-server/dataset\N230201442.JPG,False
28/10/2023 10:36:38,D:/oneid_backend/icao-guidelines-server/dataset\N230201445.JPG,False
28/10/2023 10:36:38,D:/oneid_backend/icao-guidelines-server/dataset\N230201446.JPG,False
28/10/2023 10:36:38,D:/oneid_backend/icao-guidelines-server/dataset\N230201447.JPG,False
28/10/2023 10:36:38,D:/oneid_backend/icao-guidelines-server/dataset\N230201448.JPG,False
28/10/2023 10:36:38,D:/oneid_backend/icao-guidelines-server/dataset\N230201450.JPG,False
28/10/2023 10:36:38,D:/oneid_backend/icao-guidelines-server/dataset\N230201452.JPG,False
28/10/2023 10:36:38,D:/oneid_backend/icao-guidelines-server/dataset\N230201453.JPG,False
28/10/2023 10:36:38,D:/oneid_backend/icao-guidelines-server/dataset\N230201459.JPG,False
28/10/2023 10:36:38,D:/oneid_backend/icao-guidelines-server/dataset\N230201464.JPG,False
28/10/2023 10:36:38,D:/oneid_backend/icao-guidelines-server/dataset\N230201476.JPG,False
28/10/2023 10:36:38,D:/oneid_backend/icao-guidelines-server/dataset\N230201477.JPG,False
28/10/2023 10:36:38,D:/oneid_backend/icao-guidelines-server/dataset\N230201493.JPG,False
28/10/2023 10:36:38,D:/oneid_backend/icao-guidelines-server/dataset\N230201496.JPG,False
28/10/2023 10:36:38,D:/oneid_backend/icao-guidelines-server/dataset\N230201522.JPG,False
28/10/2023 10:36:39,D:/oneid_backend/icao-guidelines-server/dataset\N230201524.JPG,False
28/10/2023 10:36:39,D:/oneid_backend/icao-guidelines-server/dataset\N230201527.JPG,False
28/10/2023 10:36:39,D:/oneid_backend/icao-guidelines-server/dataset\N230201528.JPG,False
28/10/2023 10:36:39,D:/oneid_backend/icao-guidelines-server/dataset\N230201529.JPG,False
28/10/2023 10:36:39,D:/oneid_backend/icao-guidelines-server/dataset\N230201530.JPG,False
28/10/2023 10:36:39,D:/oneid_backend/icao-guidelines-server/dataset\N230201531.JPG,False
28/10/2023 10:36:39,D:/oneid_backend/icao-guidelines-server/dataset\N230201543.JPG,False
28/10/2023 10:36:39,D:/oneid_backend/icao-guidelines-server/dataset\N230201547.JPG,False
28/10/2023 10:36:39,D:/oneid_backend/icao-guidelines-server/dataset\N230201554.JPG,False
28/10/2023 10:36:39,D:/oneid_backend/icao-guidelines-server/dataset\N230201561.JPG,False
28/10/2023 10:36:39,D:/oneid_backend/icao-guidelines-server/dataset\N230201565.JPG,False
28/10/2023 10:36:39,D:/oneid_backend/icao-guidelines-server/dataset\N230201570.JPG,False
28/10/2023 10:36:39,D:/oneid_backend/icao-guidelines-server/dataset\N230201579.JPG,False
28/10/2023 10:36:39,D:/oneid_backend/icao-guidelines-server/dataset\N230201598.JPG,False
28/10/2023 10:36:39,D:/oneid_backend/icao-guidelines-server/dataset\N230201604.JPG,False
28/10/2023 10:36:39,D:/oneid_backend/icao-guidelines-server/dataset\N230201623.JPG,False
28/10/2023 10:36:39,D:/oneid_backend/icao-guidelines-server/dataset\N230201631.JPG,False
28/10/2023 10:36:39,D:/oneid_backend/icao-guidelines-server/dataset\N230201658.JPG,False
28/10/2023 10:36:39,D:/oneid_backend/icao-guidelines-server/dataset\N230201660.JPG,False
28/10/2023 10:36:39,D:/oneid_backend/icao-guidelines-server/dataset\N230201664.JPG,False
28/10/2023 10:36:39,D:/oneid_backend/icao-guidelines-server/dataset\N230201669.JPG,False
28/10/2023 10:36:39,D:/oneid_backend/icao-guidelines-server/dataset\N230201672.JPG,False
28/10/2023 10:36:39,D:/oneid_backend/icao-guidelines-server/dataset\N230201680.JPG,False
28/10/2023 10:36:39,D:/oneid_backend/icao-guidelines-server/dataset\N230301631.JPG,False
28/10/2023 10:36:39,D:/oneid_backend/icao-guidelines-server/dataset\N230301639.JPG,False
28/10/2023 10:36:39,D:/oneid_backend/icao-guidelines-server/dataset\N230301650.JPG,False
28/10/2023 10:36:39,D:/oneid_backend/icao-guidelines-server/dataset\N230301654.JPG,False
28/10/2023 10:36:39,D:/oneid_backend/icao-guidelines-server/dataset\N230301656.JPG,False
28/10/2023 10:36:39,D:/oneid_backend/icao-guidelines-server/dataset\N230301657.JPG,False
28/10/2023 10:36:39,D:/oneid_backend/icao-guidelines-server/dataset\N230301659.JPG,False
28/10/2023 10:36:39,D:/oneid_backend/icao-guidelines-server/dataset\N230301661.JPG,False
28/10/2023 10:36:39,D:/oneid_backend/icao-guidelines-server/dataset\N230301668.JPG,False
28/10/2023 10:36:39,D:/oneid_backend/icao-guidelines-server/dataset\N230301669.JPG,False
28/10/2023 10:36:39,D:/oneid_backend/icao-guidelines-server/dataset\N230301682.JPG,False
28/10/2023 10:36:39,D:/oneid_backend/icao-guidelines-server/dataset\N230301695.JPG,False
28/10/2023 10:36:39,D:/oneid_backend/icao-guidelines-server/dataset\N230301697.JPG,False
28/10/2023 10:36:39,D:/oneid_backend/icao-guidelines-server/dataset\N230301700.JPG,False
28/10/2023 10:36:39,D:/oneid_backend/icao-guidelines-server/dataset\N230301709.JPG,False
28/10/2023 10:36:39,D:/oneid_backend/icao-guidelines-server/dataset\N230301726.JPG,False
28/10/2023 10:36:39,D:/oneid_backend/icao-guidelines-server/dataset\N230301747.JPG,False
28/10/2023 10:36:39,D:/oneid_backend/icao-guidelines-server/dataset\N230301748.JPG,False
28/10/2023 10:36:39,D:/oneid_backend/icao-guidelines-server/dataset\N230301762.JPG,False
28/10/2023 10:36:39,D:/oneid_backend/icao-guidelines-server/dataset\N230301766.JPG,False
28/10/2023 10:36:39,D:/oneid_backend/icao-guidelines-server/dataset\N230301767.JPG,False
28/10/2023 10:36:40,D:/oneid_backend/icao-guidelines-server/dataset\N230301770.JPG,False
28/10/2023 10:36:40,D:/oneid_backend/icao-guidelines-server/dataset\N230301780.JPG,False
28/10/2023 10:36:40,D:/oneid_backend/icao-guidelines-server/dataset\N230301782.JPG,False
28/10/2023 10:36:40,D:/oneid_backend/icao-guidelines-server/dataset\N230301796.JPG,False
28/10/2023 10:36:40,D:/oneid_backend/icao-guidelines-server/dataset\N230301797.JPG,False
28/10/2023 10:36:40,D:/oneid_backend/icao-guidelines-server/dataset\N230301826.JPG,False
28/10/2023 10:36:40,D:/oneid_backend/icao-guidelines-server/dataset\N230301849.JPG,False
28/10/2023 10:36:40,D:/oneid_backend/icao-guidelines-server/dataset\N230301851.JPG,False
28/10/2023 10:36:40,D:/oneid_backend/icao-guidelines-server/dataset\N230301869.JPG,False
28/10/2023 10:36:40,D:/oneid_backend/icao-guidelines-server/dataset\N230301888.JPG,False
28/10/2023 10:36:40,D:/oneid_backend/icao-guidelines-server/dataset\N230301915.JPG,False
28/10/2023 10:36:40,D:/oneid_backend/icao-guidelines-server/dataset\N230301917.JPG,False
28/10/2023 10:36:40,D:/oneid_backend/icao-guidelines-server/dataset\N230301921.JPG,False
28/10/2023 10:36:40,D:/oneid_backend/icao-guidelines-server/dataset\N230301933.JPG,False
28/10/2023 10:36:40,D:/oneid_backend/icao-guidelines-server/dataset\N230501370.JPG,False
28/10/2023 10:36:40,D:/oneid_backend/icao-guidelines-server/dataset\N230501382.JPG,False
28/10/2023 10:36:40,D:/oneid_backend/icao-guidelines-server/dataset\N230501385.JPG,False
28/10/2023 10:36:40,D:/oneid_backend/icao-guidelines-server/dataset\N230501386.JPG,False
28/10/2023 10:36:40,D:/oneid_backend/icao-guidelines-server/dataset\N230501397.JPG,False
28/10/2023 10:36:40,D:/oneid_backend/icao-guidelines-server/dataset\N230501400.JPG,False
28/10/2023 10:36:40,D:/oneid_backend/icao-guidelines-server/dataset\N230501402.JPG,False
28/10/2023 10:36:40,D:/oneid_backend/icao-guidelines-server/dataset\N230501403.JPG,False
28/10/2023 10:36:40,D:/oneid_backend/icao-guidelines-server/dataset\N230501410.JPG,False
28/10/2023 10:36:40,D:/oneid_backend/icao-guidelines-server/dataset\N230501423.JPG,False
28/10/2023 10:36:40,D:/oneid_backend/icao-guidelines-server/dataset\N230501424.JPG,False
28/10/2023 10:36:40,D:/oneid_backend/icao-guidelines-server/dataset\N230501429.JPG,False
28/10/2023 10:36:40,D:/oneid_backend/icao-guidelines-server/dataset\N230501435.JPG,False
28/10/2023 10:36:40,D:/oneid_backend/icao-guidelines-server/dataset\N230501445.JPG,False
28/10/2023 10:36:40,D:/oneid_backend/icao-guidelines-server/dataset\N230501473.JPG,False
28/10/2023 10:36:40,D:/oneid_backend/icao-guidelines-server/dataset\N230501500.JPG,False
28/10/2023 10:36:40,D:/oneid_backend/icao-guidelines-server/dataset\N230501511.JPG,False
28/10/2023 10:36:40,D:/oneid_backend/icao-guidelines-server/dataset\N230501513.JPG,False
28/10/2023 10:36:40,D:/oneid_backend/icao-guidelines-server/dataset\N230501516.JPG,False
28/10/2023 10:36:40,D:/oneid_backend/icao-guidelines-server/dataset\N230501523.JPG,False
28/10/2023 10:36:40,D:/oneid_backend/icao-guidelines-server/dataset\N230501526.JPG,False
28/10/2023 10:36:40,D:/oneid_backend/icao-guidelines-server/dataset\N230501528.JPG,False
28/10/2023 10:36:40,D:/oneid_backend/icao-guidelines-server/dataset\N230501532.JPG,False
28/10/2023 10:36:40,D:/oneid_backend/icao-guidelines-server/dataset\N230501543.JPG,False
28/10/2023 10:36:40,D:/oneid_backend/icao-guidelines-server/dataset\N230501550.JPG,False
28/10/2023 10:36:40,D:/oneid_backend/icao-guidelines-server/dataset\N230501558.JPG,False
28/10/2023 10:36:40,D:/oneid_backend/icao-guidelines-server/dataset\N230501572.JPG,False
28/10/2023 10:36:40,D:/oneid_backend/icao-guidelines-server/dataset\N230501578.JPG,False
28/10/2023 10:36:40,D:/oneid_backend/icao-guidelines-server/dataset\N230501586.JPG,False
28/10/2023 10:36:40,D:/oneid_backend/icao-guidelines-server/dataset\N230501596.JPG,False
28/10/2023 10:36:40,D:/oneid_backend/icao-guidelines-server/dataset\N230501625.JPG,False
28/10/2023 10:36:40,D:/oneid_backend/icao-guidelines-server/dataset\N230501636.JPG,False
28/10/2023 10:36:41,D:/oneid_backend/icao-guidelines-server/dataset\N230501638.JPG,False
28/10/2023 10:36:41,D:/oneid_backend/icao-guidelines-server/dataset\N230501666.JPG,False
28/10/2023 10:36:41,D:/oneid_backend/icao-guidelines-server/dataset\N230501688.JPG,False
28/10/2023 10:36:41,D:/oneid_backend/icao-guidelines-server/dataset\N230501716.JPG,False
28/10/2023 10:36:41,D:/oneid_backend/icao-guidelines-server/dataset\N230601349.JPG,False
28/10/2023 10:36:41,D:/oneid_backend/icao-guidelines-server/dataset\N230601353.JPG,False
28/10/2023 10:36:41,D:/oneid_backend/icao-guidelines-server/dataset\N230601354.JPG,False
28/10/2023 10:36:41,D:/oneid_backend/icao-guidelines-server/dataset\N230601360.JPG,False
28/10/2023 10:36:41,D:/oneid_backend/icao-guidelines-server/dataset\N230601361.JPG,False
28/10/2023 10:36:41,D:/oneid_backend/icao-guidelines-server/dataset\N230601364.JPG,False
28/10/2023 10:36:41,D:/oneid_backend/icao-guidelines-server/dataset\N230601366.JPG,False
28/10/2023 10:36:41,D:/oneid_backend/icao-guidelines-server/dataset\N230601367.JPG,False
28/10/2023 10:36:41,D:/oneid_backend/icao-guidelines-server/dataset\N230601368.JPG,False
28/10/2023 10:36:41,D:/oneid_backend/icao-guidelines-server/dataset\N230601374.JPG,False
28/10/2023 10:36:41,D:/oneid_backend/icao-guidelines-server/dataset\N230601380.JPG,False
28/10/2023 10:36:41,D:/oneid_backend/icao-guidelines-server/dataset\N230601385.JPG,False
28/10/2023 10:36:41,D:/oneid_backend/icao-guidelines-server/dataset\N230601390.JPG,False
28/10/2023 10:36:41,D:/oneid_backend/icao-guidelines-server/dataset\N230601393.JPG,False
28/10/2023 10:36:41,D:/oneid_backend/icao-guidelines-server/dataset\N230601427.JPG,False
28/10/2023 10:36:41,D:/oneid_backend/icao-guidelines-server/dataset\N230601432.JPG,False
28/10/2023 10:36:41,D:/oneid_backend/icao-guidelines-server/dataset\N230601436.JPG,False
28/10/2023 10:36:41,D:/oneid_backend/icao-guidelines-server/dataset\N230601437.JPG,False
28/10/2023 10:36:41,D:/oneid_backend/icao-guidelines-server/dataset\N230601445.JPG,False
28/10/2023 10:36:41,D:/oneid_backend/icao-guidelines-server/dataset\N230601447.JPG,False
28/10/2023 10:36:41,D:/oneid_backend/icao-guidelines-server/dataset\N230601454.JPG,False
28/10/2023 10:36:41,D:/oneid_backend/icao-guidelines-server/dataset\N230601457.JPG,False
28/10/2023 10:36:41,D:/oneid_backend/icao-guidelines-server/dataset\N230601466.JPG,False
28/10/2023 10:36:41,D:/oneid_backend/icao-guidelines-server/dataset\N230601471.JPG,False
28/10/2023 10:36:41,D:/oneid_backend/icao-guidelines-server/dataset\N230601474.JPG,False
28/10/2023 10:36:41,D:/oneid_backend/icao-guidelines-server/dataset\N230601490.JPG,False
28/10/2023 10:36:41,D:/oneid_backend/icao-guidelines-server/dataset\N230601491.JPG,False
28/10/2023 10:36:41,D:/oneid_backend/icao-guidelines-server/dataset\N230601514.JPG,False
28/10/2023 10:36:41,D:/oneid_backend/icao-guidelines-server/dataset\N230601515.JPG,False
28/10/2023 10:36:41,D:/oneid_backend/icao-guidelines-server/dataset\N230601526.JPG,False
28/10/2023 10:36:41,D:/oneid_backend/icao-guidelines-server/dataset\N230601528.JPG,False
28/10/2023 10:36:41,D:/oneid_backend/icao-guidelines-server/dataset\N230601529.JPG,False
28/10/2023 10:36:41,D:/oneid_backend/icao-guidelines-server/dataset\N230601534.JPG,False
28/10/2023 10:36:41,D:/oneid_backend/icao-guidelines-server/dataset\N230601539.JPG,False
28/10/2023 10:36:41,D:/oneid_backend/icao-guidelines-server/dataset\N230601542.JPG,False
28/10/2023 10:36:41,D:/oneid_backend/icao-guidelines-server/dataset\N230601545.JPG,False
28/10/2023 10:36:41,D:/oneid_backend/icao-guidelines-server/dataset\N230601567.JPG,False
28/10/2023 10:36:41,D:/oneid_backend/icao-guidelines-server/dataset\N230601568.JPG,False
28/10/2023 10:36:41,D:/oneid_backend/icao-guidelines-server/dataset\N230601570.JPG,False
28/10/2023 10:36:41,D:/oneid_backend/icao-guidelines-server/dataset\N230601576.JPG,False
28/10/2023 10:36:41,D:/oneid_backend/icao-guidelines-server/dataset\N230601583.JPG,False
28/10/2023 10:36:41,D:/oneid_backend/icao-guidelines-server/dataset\N230601587.JPG,False
28/10/2023 10:36:41,D:/oneid_backend/icao-guidelines-server/dataset\N230601589.JPG,False
28/10/2023 10:36:42,D:/oneid_backend/icao-guidelines-server/dataset\N230601600.JPG,False
28/10/2023 10:36:42,D:/oneid_backend/icao-guidelines-server/dataset\N230601608.JPG,False
28/10/2023 10:36:42,D:/oneid_backend/icao-guidelines-server/dataset\N230601609.JPG,False
28/10/2023 10:36:42,D:/oneid_backend/icao-guidelines-server/dataset\N230601621.JPG,False
28/10/2023 10:36:42,D:/oneid_backend/icao-guidelines-server/dataset\N230601629.JPG,False
28/10/2023 10:36:42,D:/oneid_backend/icao-guidelines-server/dataset\N230601630.JPG,False
28/10/2023 10:36:42,D:/oneid_backend/icao-guidelines-server/dataset\N230601667.JPG,False
28/10/2023 10:36:42,D:/oneid_backend/icao-guidelines-server/dataset\N230601693.JPG,False
28/10/2023 10:36:42,D:/oneid_backend/icao-guidelines-server/dataset\N230601703.JPG,False
28/10/2023 10:36:42,D:/oneid_backend/icao-guidelines-server/dataset\N230601707.JPG,False
28/10/2023 10:36:42,D:/oneid_backend/icao-guidelines-server/dataset\N230601720.JPG,False
28/10/2023 10:36:42,D:/oneid_backend/icao-guidelines-server/dataset\N230601725.JPG,False
28/10/2023 10:36:42,D:/oneid_backend/icao-guidelines-server/dataset\N230601734.JPG,False
28/10/2023 10:36:42,D:/oneid_backend/icao-guidelines-server/dataset\N230601735.JPG,False
28/10/2023 10:36:42,D:/oneid_backend/icao-guidelines-server/dataset\N230701209.JPG,False
28/10/2023 10:36:42,D:/oneid_backend/icao-guidelines-server/dataset\N230701220.JPG,False
28/10/2023 10:36:42,D:/oneid_backend/icao-guidelines-server/dataset\N230701228.JPG,False
28/10/2023 10:36:42,D:/oneid_backend/icao-guidelines-server/dataset\N230701233.JPG,False
28/10/2023 10:36:42,D:/oneid_backend/icao-guidelines-server/dataset\N230701243.JPG,False
28/10/2023 10:36:42,D:/oneid_backend/icao-guidelines-server/dataset\N230701246.JPG,False
28/10/2023 10:36:42,D:/oneid_backend/icao-guidelines-server/dataset\N230701250.JPG,False
28/10/2023 10:36:42,D:/oneid_backend/icao-guidelines-server/dataset\N230701255.JPG,False
28/10/2023 10:36:42,D:/oneid_backend/icao-guidelines-server/dataset\N230701262.JPG,False
28/10/2023 10:36:42,D:/oneid_backend/icao-guidelines-server/dataset\N230701267.JPG,False
28/10/2023 10:36:42,D:/oneid_backend/icao-guidelines-server/dataset\N230701275.JPG,False
28/10/2023 10:36:42,D:/oneid_backend/icao-guidelines-server/dataset\N230701280.JPG,False
28/10/2023 10:36:42,D:/oneid_backend/icao-guidelines-server/dataset\N230701282.JPG,False
28/10/2023 10:36:42,D:/oneid_backend/icao-guidelines-server/dataset\N230701283.JPG,False
28/10/2023 10:36:42,D:/oneid_backend/icao-guidelines-server/dataset\N230701285.JPG,False
28/10/2023 10:36:42,D:/oneid_backend/icao-guidelines-server/dataset\N230701287.JPG,False
28/10/2023 10:36:42,D:/oneid_backend/icao-guidelines-server/dataset\N230701288.JPG,False
28/10/2023 10:36:42,D:/oneid_backend/icao-guidelines-server/dataset\N230701291.JPG,False
28/10/2023 10:36:42,D:/oneid_backend/icao-guidelines-server/dataset\N230701292.JPG,False
28/10/2023 10:36:42,D:/oneid_backend/icao-guidelines-server/dataset\N230701293.JPG,False
28/10/2023 10:36:42,D:/oneid_backend/icao-guidelines-server/dataset\N230701298.JPG,False
28/10/2023 10:36:42,D:/oneid_backend/icao-guidelines-server/dataset\N230701302.JPG,False
28/10/2023 10:36:42,D:/oneid_backend/icao-guidelines-server/dataset\N230701304.JPG,False
28/10/2023 10:36:42,D:/oneid_backend/icao-guidelines-server/dataset\N230701309.JPG,False
28/10/2023 10:36:42,D:/oneid_backend/icao-guidelines-server/dataset\N230701312.JPG,False
28/10/2023 10:36:42,D:/oneid_backend/icao-guidelines-server/dataset\N230701328.JPG,False
28/10/2023 10:36:42,D:/oneid_backend/icao-guidelines-server/dataset\N230701334.JPG,False
28/10/2023 10:36:42,D:/oneid_backend/icao-guidelines-server/dataset\N230701364.JPG,False
28/10/2023 10:36:42,D:/oneid_backend/icao-guidelines-server/dataset\N230701387.JPG,False
28/10/2023 10:36:42,D:/oneid_backend/icao-guidelines-server/dataset\N230701437.JPG,False
28/10/2023 10:36:42,D:/oneid_backend/icao-guidelines-server/dataset\N230701443.JPG,False
28/10/2023 10:36:42,D:/oneid_backend/icao-guidelines-server/dataset\N230701457.JPG,False
28/10/2023 10:36:42,D:/oneid_backend/icao-guidelines-server/dataset\N230701476.JPG,False
28/10/2023 10:36:42,D:/oneid_backend/icao-guidelines-server/dataset\N231100857.JPG,False
28/10/2023 10:36:43,D:/oneid_backend/icao-guidelines-server/dataset\N231100866.JPG,False
28/10/2023 10:36:43,D:/oneid_backend/icao-guidelines-server/dataset\N231100869.JPG,False
28/10/2023 10:36:43,D:/oneid_backend/icao-guidelines-server/dataset\N231100873.JPG,False
28/10/2023 10:36:43,D:/oneid_backend/icao-guidelines-server/dataset\N231100874.JPG,False
28/10/2023 10:36:43,D:/oneid_backend/icao-guidelines-server/dataset\N231100882.JPG,False
28/10/2023 10:36:43,D:/oneid_backend/icao-guidelines-server/dataset\N231100896.JPG,False
28/10/2023 10:36:43,D:/oneid_backend/icao-guidelines-server/dataset\N231100910.JPG,False
28/10/2023 10:36:43,D:/oneid_backend/icao-guidelines-server/dataset\N231100957.JPG,False
28/10/2023 10:36:43,D:/oneid_backend/icao-guidelines-server/dataset\N231100969.JPG,False
28/10/2023 10:36:43,D:/oneid_backend/icao-guidelines-server/dataset\N231100974.JPG,False
28/10/2023 10:36:43,D:/oneid_backend/icao-guidelines-server/dataset\N231100976.JPG,False
28/10/2023 10:36:43,D:/oneid_backend/icao-guidelines-server/dataset\N231100979.JPG,False
28/10/2023 10:36:43,D:/oneid_backend/icao-guidelines-server/dataset\N231100985.JPG,False
28/10/2023 10:36:43,D:/oneid_backend/icao-guidelines-server/dataset\N231100997.JPG,False
28/10/2023 10:36:43,D:/oneid_backend/icao-guidelines-server/dataset\N231101012.JPG,False
28/10/2023 10:36:43,D:/oneid_backend/icao-guidelines-server/dataset\N231101039.JPG,False
28/10/2023 10:36:43,D:/oneid_backend/icao-guidelines-server/dataset\N231200772.JPG,False
28/10/2023 10:36:43,D:/oneid_backend/icao-guidelines-server/dataset\N231200774.JPG,False
28/10/2023 10:36:43,D:/oneid_backend/icao-guidelines-server/dataset\N231200776.JPG,False
28/10/2023 10:36:43,D:/oneid_backend/icao-guidelines-server/dataset\N231200791.JPG,False
28/10/2023 10:36:43,D:/oneid_backend/icao-guidelines-server/dataset\N231200798.JPG,False
28/10/2023 10:36:43,D:/oneid_backend/icao-guidelines-server/dataset\N231200801.JPG,False
28/10/2023 10:36:43,D:/oneid_backend/icao-guidelines-server/dataset\N231200809.JPG,False
28/10/2023 10:36:43,D:/oneid_backend/icao-guidelines-server/dataset\N231200819.JPG,False
28/10/2023 10:36:43,D:/oneid_backend/icao-guidelines-server/dataset\N231200820.JPG,False
28/10/2023 10:36:43,D:/oneid_backend/icao-guidelines-server/dataset\N231200824.JPG,False
28/10/2023 10:36:43,D:/oneid_backend/icao-guidelines-server/dataset\N231200835.JPG,False
28/10/2023 10:36:43,D:/oneid_backend/icao-guidelines-server/dataset\N231200851.JPG,False
28/10/2023 10:36:43,D:/oneid_backend/icao-guidelines-server/dataset\N231200858.JPG,False
28/10/2023 10:36:43,D:/oneid_backend/icao-guidelines-server/dataset\N231200862.JPG,False
28/10/2023 10:36:43,D:/oneid_backend/icao-guidelines-server/dataset\N231200870.JPG,False
28/10/2023 10:36:43,D:/oneid_backend/icao-guidelines-server/dataset\N231200871.JPG,False
28/10/2023 10:36:43,D:/oneid_backend/icao-guidelines-server/dataset\N231200893.JPG,False
28/10/2023 10:36:43,D:/oneid_backend/icao-guidelines-server/dataset\N231200901.JPG,False
28/10/2023 10:36:43,D:/oneid_backend/icao-guidelines-server/dataset\N231200913.JPG,False
28/10/2023 10:36:43,D:/oneid_backend/icao-guidelines-server/dataset\N231200914.JPG,False
28/10/2023 10:36:43,D:/oneid_backend/icao-guidelines-server/dataset\N231200918.JPG,False
28/10/2023 10:36:43,D:/oneid_backend/icao-guidelines-server/dataset\N231200922.JPG,False
28/10/2023 10:36:43,D:/oneid_backend/icao-guidelines-server/dataset\N231200923.JPG,False
28/10/2023 10:36:43,D:/oneid_backend/icao-guidelines-server/dataset\N231200966.JPG,False
28/10/2023 10:36:43,D:/oneid_backend/icao-guidelines-server/dataset\N231200975.JPG,False
28/10/2023 10:36:43,D:/oneid_backend/icao-guidelines-server/dataset\N231300860.JPG,False
28/10/2023 10:36:43,D:/oneid_backend/icao-guidelines-server/dataset\N231300862.JPG,False
28/10/2023 10:36:43,D:/oneid_backend/icao-guidelines-server/dataset\N231300864.JPG,False
28/10/2023 10:36:43,D:/oneid_backend/icao-guidelines-server/dataset\N231300867.JPG,False
28/10/2023 10:36:43,D:/oneid_backend/icao-guidelines-server/dataset\N231300868.JPG,False
28/10/2023 10:36:43,D:/oneid_backend/icao-guidelines-server/dataset\N231300879.JPG,False
28/10/2023 10:36:43,D:/oneid_backend/icao-guidelines-server/dataset\N231300896.JPG,False
28/10/2023 10:36:43,D:/oneid_backend/icao-guidelines-server/dataset\N231300901.JPG,False
28/10/2023 10:36:44,D:/oneid_backend/icao-guidelines-server/dataset\N231300915.JPG,False
28/10/2023 10:36:44,D:/oneid_backend/icao-guidelines-server/dataset\N231300927.JPG,False
28/10/2023 10:36:44,D:/oneid_backend/icao-guidelines-server/dataset\N231300942.JPG,False
28/10/2023 10:36:44,D:/oneid_backend/icao-guidelines-server/dataset\N231300943.JPG,False
28/10/2023 10:36:44,D:/oneid_backend/icao-guidelines-server/dataset\N231300951.JPG,False
28/10/2023 10:36:44,D:/oneid_backend/icao-guidelines-server/dataset\N231300954.JPG,False
28/10/2023 10:36:44,D:/oneid_backend/icao-guidelines-server/dataset\N231300959.JPG,False
28/10/2023 10:36:44,D:/oneid_backend/icao-guidelines-server/dataset\N231300985.JPG,False
28/10/2023 10:36:44,D:/oneid_backend/icao-guidelines-server/dataset\N231300994.JPG,False
28/10/2023 10:36:44,D:/oneid_backend/icao-guidelines-server/dataset\N231301002.JPG,False
28/10/2023 10:36:44,D:/oneid_backend/icao-guidelines-server/dataset\N231301006.JPG,False
28/10/2023 10:36:44,D:/oneid_backend/icao-guidelines-server/dataset\N231301007.JPG,False
28/10/2023 10:36:44,D:/oneid_backend/icao-guidelines-server/dataset\N231301016.JPG,False
28/10/2023 10:36:44,D:/oneid_backend/icao-guidelines-server/dataset\N231301024.JPG,False
28/10/2023 10:36:44,D:/oneid_backend/icao-guidelines-server/dataset\N231301025.JPG,False
28/10/2023 10:36:44,D:/oneid_backend/icao-guidelines-server/dataset\N231301026.JPG,False
28/10/2023 10:36:44,D:/oneid_backend/icao-guidelines-server/dataset\N231301036.JPG,False
28/10/2023 10:36:44,D:/oneid_backend/icao-guidelines-server/dataset\N231301044.JPG,False
28/10/2023 10:36:44,D:/oneid_backend/icao-guidelines-server/dataset\N231301058.JPG,False
28/10/2023 10:36:44,D:/oneid_backend/icao-guidelines-server/dataset\N231301059.JPG,False
28/10/2023 10:36:44,D:/oneid_backend/icao-guidelines-server/dataset\N231301078.JPG,False
28/10/2023 10:36:44,D:/oneid_backend/icao-guidelines-server/dataset\N231301085.JPG,False
28/10/2023 10:36:44,D:/oneid_backend/icao-guidelines-server/dataset\N231301102.JPG,False
28/10/2023 10:36:44,D:/oneid_backend/icao-guidelines-server/dataset\N231301105.JPG,False
28/10/2023 10:36:44,D:/oneid_backend/icao-guidelines-server/dataset\N231401176.JPG,False
28/10/2023 10:36:44,D:/oneid_backend/icao-guidelines-server/dataset\N231401190.JPG,False
28/10/2023 10:36:44,D:/oneid_backend/icao-guidelines-server/dataset\N231401197.JPG,False
28/10/2023 10:36:44,D:/oneid_backend/icao-guidelines-server/dataset\N231401198.JPG,False
28/10/2023 10:36:44,D:/oneid_backend/icao-guidelines-server/dataset\N231401225.JPG,False
28/10/2023 10:36:44,D:/oneid_backend/icao-guidelines-server/dataset\N231401242.JPG,False
28/10/2023 10:36:44,D:/oneid_backend/icao-guidelines-server/dataset\N231401253.JPG,False
28/10/2023 10:36:44,D:/oneid_backend/icao-guidelines-server/dataset\N231401256.JPG,False
28/10/2023 10:36:44,D:/oneid_backend/icao-guidelines-server/dataset\N231401263.JPG,False
28/10/2023 10:36:44,D:/oneid_backend/icao-guidelines-server/dataset\N231401264.JPG,False
28/10/2023 10:36:44,D:/oneid_backend/icao-guidelines-server/dataset\N231401268.JPG,False
28/10/2023 10:36:44,D:/oneid_backend/icao-guidelines-server/dataset\N231401277.JPG,False
28/10/2023 10:36:44,D:/oneid_backend/icao-guidelines-server/dataset\N231401284.JPG,False
28/10/2023 10:36:44,D:/oneid_backend/icao-guidelines-server/dataset\N231401290.JPG,False
28/10/2023 10:36:44,D:/oneid_backend/icao-guidelines-server/dataset\N231401303.JPG,False
28/10/2023 10:36:44,D:/oneid_backend/icao-guidelines-server/dataset\N231401318.JPG,False
28/10/2023 10:36:44,D:/oneid_backend/icao-guidelines-server/dataset\N231401325.JPG,False
28/10/2023 10:36:44,D:/oneid_backend/icao-guidelines-server/dataset\N231401326.JPG,False
28/10/2023 10:36:44,D:/oneid_backend/icao-guidelines-server/dataset\N231500951.JPG,False
28/10/2023 10:36:44,D:/oneid_backend/icao-guidelines-server/dataset\N231500954.JPG,False
28/10/2023 10:36:44,D:/oneid_backend/icao-guidelines-server/dataset\N231500959.JPG,False
28/10/2023 10:36:44,D:/oneid_backend/icao-guidelines-server/dataset\N231500993.JPG,False
28/10/2023 10:36:45,D:/oneid_backend/icao-guidelines-server/dataset\N231501007.JPG,False
28/10/2023 10:36:45,D:/oneid_backend/icao-guidelines-server/dataset\N231501009.JPG,False
28/10/2023 10:36:45,D:/oneid_backend/icao-guidelines-server/dataset\N231501011.JPG,False
28/10/2023 10:36:45,D:/oneid_backend/icao-guidelines-server/dataset\N231501013.JPG,False
28/10/2023 10:36:45,D:/oneid_backend/icao-guidelines-server/dataset\N231501029.JPG,False
28/10/2023 10:36:45,D:/oneid_backend/icao-guidelines-server/dataset\N231501032.JPG,False
28/10/2023 10:36:45,D:/oneid_backend/icao-guidelines-server/dataset\N231501043.JPG,False
28/10/2023 10:36:45,D:/oneid_backend/icao-guidelines-server/dataset\N231501047.JPG,False
28/10/2023 10:36:45,D:/oneid_backend/icao-guidelines-server/dataset\N231501057.JPG,False
28/10/2023 10:36:45,D:/oneid_backend/icao-guidelines-server/dataset\N231501063.JPG,False
28/10/2023 10:36:45,D:/oneid_backend/icao-guidelines-server/dataset\N231501064.JPG,False
28/10/2023 10:36:45,D:/oneid_backend/icao-guidelines-server/dataset\N231501066.JPG,False
28/10/2023 10:36:45,D:/oneid_backend/icao-guidelines-server/dataset\N231501073.JPG,False
28/10/2023 10:36:45,D:/oneid_backend/icao-guidelines-server/dataset\N231501076.JPG,False
28/10/2023 10:36:45,D:/oneid_backend/icao-guidelines-server/dataset\N231501101.JPG,False
28/10/2023 10:36:45,D:/oneid_backend/icao-guidelines-server/dataset\N231501102.JPG,False
28/10/2023 10:36:45,D:/oneid_backend/icao-guidelines-server/dataset\N231501112.JPG,False
28/10/2023 10:36:45,D:/oneid_backend/icao-guidelines-server/dataset\N231501121.JPG,False
28/10/2023 10:36:45,D:/oneid_backend/icao-guidelines-server/dataset\N231501125.JPG,False
28/10/2023 10:36:45,D:/oneid_backend/icao-guidelines-server/dataset\N231600919.JPG,False
28/10/2023 10:36:45,D:/oneid_backend/icao-guidelines-server/dataset\N231600922.JPG,False
28/10/2023 10:36:45,D:/oneid_backend/icao-guidelines-server/dataset\N231600929.JPG,False
28/10/2023 10:36:45,D:/oneid_backend/icao-guidelines-server/dataset\N231600941.JPG,False
28/10/2023 10:36:45,D:/oneid_backend/icao-guidelines-server/dataset\N231600966.JPG,False
28/10/2023 10:36:45,D:/oneid_backend/icao-guidelines-server/dataset\N231600982.JPG,False
28/10/2023 10:36:45,D:/oneid_backend/icao-guidelines-server/dataset\N231600984.JPG,False
28/10/2023 10:36:45,D:/oneid_backend/icao-guidelines-server/dataset\N231600996.JPG,False
28/10/2023 10:36:45,D:/oneid_backend/icao-guidelines-server/dataset\N231601015.JPG,False
28/10/2023 10:36:45,D:/oneid_backend/icao-guidelines-server/dataset\N231601044.JPG,False
28/10/2023 10:36:45,D:/oneid_backend/icao-guidelines-server/dataset\N231601052.JPG,False
28/10/2023 10:36:45,D:/oneid_backend/icao-guidelines-server/dataset\N231601055.JPG,False
28/10/2023 10:36:45,D:/oneid_backend/icao-guidelines-server/dataset\N231601079.JPG,False
28/10/2023 10:36:45,D:/oneid_backend/icao-guidelines-server/dataset\N231601086.JPG,False
28/10/2023 10:36:45,D:/oneid_backend/icao-guidelines-server/dataset\N231601100.JPG,False
28/10/2023 10:36:45,D:/oneid_backend/icao-guidelines-server/dataset\N231601129.JPG,False
28/10/2023 10:36:45,D:/oneid_backend/icao-guidelines-server/dataset\N231701433.JPG,False
28/10/2023 10:36:45,D:/oneid_backend/icao-guidelines-server/dataset\N231701443.JPG,False
28/10/2023 10:36:45,D:/oneid_backend/icao-guidelines-server/dataset\N231701444.JPG,False
28/10/2023 10:36:45,D:/oneid_backend/icao-guidelines-server/dataset\N231701448.JPG,False
28/10/2023 10:36:45,D:/oneid_backend/icao-guidelines-server/dataset\N231701460.JPG,False
28/10/2023 10:36:45,D:/oneid_backend/icao-guidelines-server/dataset\N231701463.JPG,False
28/10/2023 10:36:45,D:/oneid_backend/icao-guidelines-server/dataset\N231701466.JPG,False
28/10/2023 10:36:45,D:/oneid_backend/icao-guidelines-server/dataset\N231701495.JPG,False
28/10/2023 10:36:45,D:/oneid_backend/icao-guidelines-server/dataset\N231701516.JPG,False
28/10/2023 10:36:45,D:/oneid_backend/icao-guidelines-server/dataset\N231701524.JPG,False
28/10/2023 10:36:45,D:/oneid_backend/icao-guidelines-server/dataset\N231701529.JPG,False
28/10/2023 10:36:45,D:/oneid_backend/icao-guidelines-server/dataset\N231701531.JPG,False
28/10/2023 10:36:46,D:/oneid_backend/icao-guidelines-server/dataset\N231701551.JPG,False
28/10/2023 10:36:46,D:/oneid_backend/icao-guidelines-server/dataset\N231701595.JPG,False
28/10/2023 10:36:46,D:/oneid_backend/icao-guidelines-server/dataset\N231701615.JPG,False
28/10/2023 10:36:46,D:/oneid_backend/icao-guidelines-server/dataset\N231701621.JPG,False
28/10/2023 10:36:46,D:/oneid_backend/icao-guidelines-server/dataset\N231701627.JPG,False
28/10/2023 10:36:46,D:/oneid_backend/icao-guidelines-server/dataset\N231701635.JPG,False
28/10/2023 10:36:46,D:/oneid_backend/icao-guidelines-server/dataset\N231701652.JPG,False
28/10/2023 10:36:46,D:/oneid_backend/icao-guidelines-server/dataset\N231701664.JPG,False
28/10/2023 10:36:46,D:/oneid_backend/icao-guidelines-server/dataset\N231701677.JPG,False
28/10/2023 10:36:46,D:/oneid_backend/icao-guidelines-server/dataset\N231701700.JPG,False
28/10/2023 10:36:46,D:/oneid_backend/icao-guidelines-server/dataset\N231701704.JPG,False
28/10/2023 10:36:46,D:/oneid_backend/icao-guidelines-server/dataset\N231701712.JPG,False
28/10/2023 10:36:46,D:/oneid_backend/icao-guidelines-server/dataset\N231701726.JPG,False
28/10/2023 10:36:46,D:/oneid_backend/icao-guidelines-server/dataset\N231703080.JPG,False
28/10/2023 10:36:46,D:/oneid_backend/icao-guidelines-server/dataset\N231703659.JPG,False
28/10/2023 10:36:46,D:/oneid_backend/icao-guidelines-server/dataset\N231704338.JPG,False
28/10/2023 10:36:46,D:/oneid_backend/icao-guidelines-server/dataset\N231705525.JPG,False
28/10/2023 10:36:46,D:/oneid_backend/icao-guidelines-server/dataset\N231707783.JPG,False
28/10/2023 10:36:46,D:/oneid_backend/icao-guidelines-server/dataset\N231708792.JPG,False
28/10/2023 10:36:46,D:/oneid_backend/icao-guidelines-server/dataset\N232800024.JPG,False
28/10/2023 10:36:46,D:/oneid_backend/icao-guidelines-server/dataset\N236000315.JPG,False
28/10/2023 10:36:46,D:/oneid_backend/icao-guidelines-server/dataset\N236000322.JPG,False
28/10/2023 10:36:46,D:/oneid_backend/icao-guidelines-server/dataset\N236000327.JPG,False
28/10/2023 10:36:46,D:/oneid_backend/icao-guidelines-server/dataset\N236000328.JPG,False
28/10/2023 10:36:46,D:/oneid_backend/icao-guidelines-server/dataset\N236000330.JPG,False
28/10/2023 10:36:46,D:/oneid_backend/icao-guidelines-server/dataset\N236000343.JPG,False
28/10/2023 10:36:46,D:/oneid_backend/icao-guidelines-server/dataset\N236000354.JPG,False
28/10/2023 10:36:46,D:/oneid_backend/icao-guidelines-server/dataset\N236000371.JPG,False
28/10/2023 10:36:46,D:/oneid_backend/icao-guidelines-server/dataset\N236100467.JPG,False
28/10/2023 10:36:46,D:/oneid_backend/icao-guidelines-server/dataset\N236100469.JPG,False
28/10/2023 10:36:46,D:/oneid_backend/icao-guidelines-server/dataset\N236100475.JPG,False
28/10/2023 10:36:46,D:/oneid_backend/icao-guidelines-server/dataset\N236100476.JPG,False
28/10/2023 10:36:46,D:/oneid_backend/icao-guidelines-server/dataset\N236100492.JPG,False
28/10/2023 10:36:46,D:/oneid_backend/icao-guidelines-server/dataset\N236100494.JPG,False
28/10/2023 10:36:46,D:/oneid_backend/icao-guidelines-server/dataset\N236100497.JPG,False
28/10/2023 10:36:46,D:/oneid_backend/icao-guidelines-server/dataset\N236100499.JPG,False
28/10/2023 10:36:46,D:/oneid_backend/icao-guidelines-server/dataset\N236100500.JPG,False
28/10/2023 10:36:46,D:/oneid_backend/icao-guidelines-server/dataset\N236100502.JPG,False
28/10/2023 10:36:46,D:/oneid_backend/icao-guidelines-server/dataset\N236100506.JPG,False
28/10/2023 10:36:46,D:/oneid_backend/icao-guidelines-server/dataset\N236100508.JPG,False
28/10/2023 10:36:46,D:/oneid_backend/icao-guidelines-server/dataset\N236100516.JPG,False
28/10/2023 10:36:46,D:/oneid_backend/icao-guidelines-server/dataset\N236100517.JPG,False
28/10/2023 10:36:46,D:/oneid_backend/icao-guidelines-server/dataset\N236100530.JPG,False
28/10/2023 10:36:46,D:/oneid_backend/icao-guidelines-server/dataset\N236100531.JPG,False
28/10/2023 10:36:46,D:/oneid_backend/icao-guidelines-server/dataset\N236100538.JPG,False
28/10/2023 10:36:46,D:/oneid_backend/icao-guidelines-server/dataset\N236100545.JPG,False
28/10/2023 10:36:47,D:/oneid_backend/icao-guidelines-server/dataset\N236100555.JPG,False
28/10/2023 10:36:47,D:/oneid_backend/icao-guidelines-server/dataset\N237000273.JPG,False
28/10/2023 10:36:47,D:/oneid_backend/icao-guidelines-server/dataset\N237000311.JPG,False
28/10/2023 10:36:47,D:/oneid_backend/icao-guidelines-server/dataset\N237000313.JPG,False
28/10/2023 10:36:47,D:/oneid_backend/icao-guidelines-server/dataset\N237100581.JPG,False
28/10/2023 10:36:47,D:/oneid_backend/icao-guidelines-server/dataset\N237100582.JPG,False
28/10/2023 10:36:47,D:/oneid_backend/icao-guidelines-server/dataset\N237100583.JPG,False
28/10/2023 10:36:47,D:/oneid_backend/icao-guidelines-server/dataset\N237100585.JPG,False
28/10/2023 10:36:47,D:/oneid_backend/icao-guidelines-server/dataset\N237100588.JPG,False
28/10/2023 10:36:47,D:/oneid_backend/icao-guidelines-server/dataset\N237100590.JPG,False
28/10/2023 10:36:47,D:/oneid_backend/icao-guidelines-server/dataset\N237100592.JPG,False
28/10/2023 10:36:47,D:/oneid_backend/icao-guidelines-server/dataset\N237100610.JPG,False
28/10/2023 10:36:47,D:/oneid_backend/icao-guidelines-server/dataset\N237100634.JPG,False
28/10/2023 10:36:47,D:/oneid_backend/icao-guidelines-server/dataset\N237100638.JPG,False
28/10/2023 10:36:47,D:/oneid_backend/icao-guidelines-server/dataset\N237100668.JPG,False
28/10/2023 10:36:47,D:/oneid_backend/icao-guidelines-server/dataset\N237100672.JPG,False
28/10/2023 10:36:47,D:/oneid_backend/icao-guidelines-server/dataset\N237100677.JPG,False
28/10/2023 10:36:47,D:/oneid_backend/icao-guidelines-server/dataset\N238000179.JPG,False
28/10/2023 10:36:47,D:/oneid_backend/icao-guidelines-server/dataset\N238000201.JPG,False
28/10/2023 10:36:47,D:/oneid_backend/icao-guidelines-server/dataset\N238000204.JPG,False
28/10/2023 10:36:47,D:/oneid_backend/icao-guidelines-server/dataset\N238100551.JPG,False
28/10/2023 10:36:47,D:/oneid_backend/icao-guidelines-server/dataset\N238100554.JPG,False
28/10/2023 10:36:47,D:/oneid_backend/icao-guidelines-server/dataset\N238100555.JPG,False
28/10/2023 10:36:47,D:/oneid_backend/icao-guidelines-server/dataset\N238100559.JPG,False
28/10/2023 10:36:47,D:/oneid_backend/icao-guidelines-server/dataset\N238100575.JPG,False
28/10/2023 10:36:47,D:/oneid_backend/icao-guidelines-server/dataset\N238100592.JPG,False
28/10/2023 10:36:47,D:/oneid_backend/icao-guidelines-server/dataset\N238100600.JPG,False
28/10/2023 10:36:47,D:/oneid_backend/icao-guidelines-server/dataset\N238100624.JPG,False
28/10/2023 10:36:47,D:/oneid_backend/icao-guidelines-server/dataset\N238100646.JPG,False
28/10/2023 10:36:47,D:/oneid_backend/icao-guidelines-server/dataset\N238100650.JPG,False
28/10/2023 10:36:47,D:/oneid_backend/icao-guidelines-server/dataset\N238100651.JPG,False
28/10/2023 10:36:47,D:/oneid_backend/icao-guidelines-server/dataset\N238100654.JPG,False
28/10/2023 10:36:47,D:/oneid_backend/icao-guidelines-server/dataset\N238100655.JPG,False
28/10/2023 10:36:47,D:/oneid_backend/icao-guidelines-server/dataset\N239001012.JPG,False
28/10/2023 10:36:47,D:/oneid_backend/icao-guidelines-server/dataset\N239001014.JPG,False
28/10/2023 10:36:47,D:/oneid_backend/icao-guidelines-server/dataset\N239001015.JPG,False
28/10/2023 10:36:47,D:/oneid_backend/icao-guidelines-server/dataset\N239001016.JPG,False
28/10/2023 10:36:47,D:/oneid_backend/icao-guidelines-server/dataset\N239001017.JPG,False
28/10/2023 10:36:47,D:/oneid_backend/icao-guidelines-server/dataset\N239001031.JPG,False
28/10/2023 10:36:47,D:/oneid_backend/icao-guidelines-server/dataset\N239001060.JPG,False
28/10/2023 10:36:47,D:/oneid_backend/icao-guidelines-server/dataset\N239001064.JPG,False
28/10/2023 10:36:47,D:/oneid_backend/icao-guidelines-server/dataset\N239001086.JPG,False
28/10/2023 10:36:47,D:/oneid_backend/icao-guidelines-server/dataset\N239001100.JPG,False
28/10/2023 10:36:47,D:/oneid_backend/icao-guidelines-server/dataset\N239001107.JPG,False
28/10/2023 10:36:47,D:/oneid_backend/icao-guidelines-server/dataset\N239001118.JPG,False
28/10/2023 10:36:47,D:/oneid_backend/icao-guidelines-server/dataset\N239001120.JPG,False
28/10/2023 10:36:47,D:/oneid_backend/icao-guidelines-server/dataset\N239001127.JPG,False
28/10/2023 10:36:48,D:/oneid_backend/icao-guidelines-server/dataset\N239001141.JPG,False
28/10/2023 10:36:48,D:/oneid_backend/icao-guidelines-server/dataset\N239001148.JPG,False
28/10/2023 10:36:48,D:/oneid_backend/icao-guidelines-server/dataset\N239001150.JPG,False
28/10/2023 10:36:48,D:/oneid_backend/icao-guidelines-server/dataset\N239001165.JPG,False
28/10/2023 10:36:48,D:/oneid_backend/icao-guidelines-server/dataset\N239001170.JPG,False
28/10/2023 10:36:48,D:/oneid_backend/icao-guidelines-server/dataset\N239001179.JPG,False
28/10/2023 10:36:48,D:/oneid_backend/icao-guidelines-server/dataset\N239001197.JPG,False
28/10/2023 10:36:48,D:/oneid_backend/icao-guidelines-server/dataset\N239001198.JPG,False
28/10/2023 10:36:48,D:/oneid_backend/icao-guidelines-server/dataset\N239001203.JPG,False
28/10/2023 10:36:48,D:/oneid_backend/icao-guidelines-server/dataset\N239001206.JPG,False
28/10/2023 10:36:48,D:/oneid_backend/icao-guidelines-server/dataset\N239001213.JPG,False
28/10/2023 10:36:48,D:/oneid_backend/icao-guidelines-server/dataset\N239001214.JPG,False
28/10/2023 10:36:48,D:/oneid_backend/icao-guidelines-server/dataset\N239001219.JPG,False
28/10/2023 10:36:48,D:/oneid_backend/icao-guidelines-server/dataset\N239001223.JPG,False
