07/10/2023 10:07:06,D:/oneid_backend/icao-guidelines-server/dataset\N230101660.JPG,True
07/10/2023 10:07:06,D:/oneid_backend/icao-guidelines-server/dataset\N230101661.JPG,True
07/10/2023 10:07:06,D:/oneid_backend/icao-guidelines-server/dataset\N230101664.JPG,True
07/10/2023 10:07:06,D:/oneid_backend/icao-guidelines-server/dataset\N230101669.JPG,True
07/10/2023 10:07:06,D:/oneid_backend/icao-guidelines-server/dataset\N230101671.JPG,True
07/10/2023 10:07:06,D:/oneid_backend/icao-guidelines-server/dataset\N230101683.JPG,True
07/10/2023 10:07:06,D:/oneid_backend/icao-guidelines-server/dataset\N230101691.JPG,True
07/10/2023 10:07:06,D:/oneid_backend/icao-guidelines-server/dataset\N230101696.JPG,True
07/10/2023 10:07:06,D:/oneid_backend/icao-guidelines-server/dataset\N230101709.JPG,True
07/10/2023 10:07:06,D:/oneid_backend/icao-guidelines-server/dataset\N230101710.JPG,True
07/10/2023 10:07:06,D:/oneid_backend/icao-guidelines-server/dataset\N230101717.JPG,True
07/10/2023 10:07:06,D:/oneid_backend/icao-guidelines-server/dataset\N230101719.JPG,True
07/10/2023 10:07:06,D:/oneid_backend/icao-guidelines-server/dataset\N230101726.JPG,True
07/10/2023 10:07:06,D:/oneid_backend/icao-guidelines-server/dataset\N230101743.JPG,True
07/10/2023 10:07:06,D:/oneid_backend/icao-guidelines-server/dataset\N230101747.JPG,True
07/10/2023 10:07:06,D:/oneid_backend/icao-guidelines-server/dataset\N230101749.JPG,True
07/10/2023 10:07:06,D:/oneid_backend/icao-guidelines-server/dataset\N230101750.JPG,True
07/10/2023 10:07:06,D:/oneid_backend/icao-guidelines-server/dataset\N230101757.JPG,True
07/10/2023 10:07:06,D:/oneid_backend/icao-guidelines-server/dataset\N230101775.JPG,True
07/10/2023 10:07:06,D:/oneid_backend/icao-guidelines-server/dataset\N230101776.JPG,True
07/10/2023 10:07:06,D:/oneid_backend/icao-guidelines-server/dataset\N230101778.JPG,True
07/10/2023 10:07:07,D:/oneid_backend/icao-guidelines-server/dataset\N230101780.JPG,True
07/10/2023 10:07:07,D:/oneid_backend/icao-guidelines-server/dataset\N230101793.JPG,True
07/10/2023 10:07:07,D:/oneid_backend/icao-guidelines-server/dataset\N230101799.JPG,True
07/10/2023 10:07:07,D:/oneid_backend/icao-guidelines-server/dataset\N230101808.JPG,True
07/10/2023 10:07:07,D:/oneid_backend/icao-guidelines-server/dataset\N230101829.JPG,False
07/10/2023 10:07:07,D:/oneid_backend/icao-guidelines-server/dataset\N230101837.JPG,True
07/10/2023 10:07:07,D:/oneid_backend/icao-guidelines-server/dataset\N230101841.JPG,True
07/10/2023 10:07:07,D:/oneid_backend/icao-guidelines-server/dataset\N230101854.JPG,True
07/10/2023 10:07:07,D:/oneid_backend/icao-guidelines-server/dataset\N230101883.JPG,True
07/10/2023 10:07:07,D:/oneid_backend/icao-guidelines-server/dataset\N230101886.JPG,True
07/10/2023 10:07:07,D:/oneid_backend/icao-guidelines-server/dataset\N230101888.JPG,True
07/10/2023 10:07:07,D:/oneid_backend/icao-guidelines-server/dataset\N230101899.JPG,True
07/10/2023 10:07:07,D:/oneid_backend/icao-guidelines-server/dataset\N230101918.JPG,True
07/10/2023 10:07:07,D:/oneid_backend/icao-guidelines-server/dataset\N230101959.JPG,True
07/10/2023 10:07:07,D:/oneid_backend/icao-guidelines-server/dataset\N230101972.JPG,True
07/10/2023 10:07:07,D:/oneid_backend/icao-guidelines-server/dataset\N230101975.JPG,True
07/10/2023 10:07:07,D:/oneid_backend/icao-guidelines-server/dataset\N230101977.JPG,True
07/10/2023 10:07:07,D:/oneid_backend/icao-guidelines-server/dataset\N230101995.JPG,True
07/10/2023 10:07:07,D:/oneid_backend/icao-guidelines-server/dataset\N230102007.JPG,True
07/10/2023 10:07:07,D:/oneid_backend/icao-guidelines-server/dataset\N230102011.JPG,True
07/10/2023 10:07:07,D:/oneid_backend/icao-guidelines-server/dataset\N230102012.JPG,True
07/10/2023 10:07:07,D:/oneid_backend/icao-guidelines-server/dataset\N230201404.JPG,True
07/10/2023 10:07:07,D:/oneid_backend/icao-guidelines-server/dataset\N230201405.JPG,True
07/10/2023 10:07:08,D:/oneid_backend/icao-guidelines-server/dataset\N230201407.JPG,False
07/10/2023 10:07:08,D:/oneid_backend/icao-guidelines-server/dataset\N230201408.JPG,True
07/10/2023 10:07:08,D:/oneid_backend/icao-guidelines-server/dataset\N230201420.JPG,True
07/10/2023 10:07:08,D:/oneid_backend/icao-guidelines-server/dataset\N230201428.JPG,True
07/10/2023 10:07:08,D:/oneid_backend/icao-guidelines-server/dataset\N230201432.JPG,True
07/10/2023 10:07:08,D:/oneid_backend/icao-guidelines-server/dataset\N230201439.JPG,True
07/10/2023 10:07:08,D:/oneid_backend/icao-guidelines-server/dataset\N230201441.JPG,True
07/10/2023 10:07:08,D:/oneid_backend/icao-guidelines-server/dataset\N230201442.JPG,True
07/10/2023 10:07:08,D:/oneid_backend/icao-guidelines-server/dataset\N230201445.JPG,True
07/10/2023 10:07:08,D:/oneid_backend/icao-guidelines-server/dataset\N230201446.JPG,True
07/10/2023 10:07:08,D:/oneid_backend/icao-guidelines-server/dataset\N230201447.JPG,True
07/10/2023 10:07:08,D:/oneid_backend/icao-guidelines-server/dataset\N230201448.JPG,True
07/10/2023 10:07:08,D:/oneid_backend/icao-guidelines-server/dataset\N230201450.JPG,True
07/10/2023 10:07:08,D:/oneid_backend/icao-guidelines-server/dataset\N230201452.JPG,True
07/10/2023 10:07:08,D:/oneid_backend/icao-guidelines-server/dataset\N230201453.JPG,True
07/10/2023 10:07:08,D:/oneid_backend/icao-guidelines-server/dataset\N230201459.JPG,True
07/10/2023 10:07:08,D:/oneid_backend/icao-guidelines-server/dataset\N230201464.JPG,True
07/10/2023 10:07:08,D:/oneid_backend/icao-guidelines-server/dataset\N230201476.JPG,True
07/10/2023 10:07:08,D:/oneid_backend/icao-guidelines-server/dataset\N230201477.JPG,True
07/10/2023 10:07:08,D:/oneid_backend/icao-guidelines-server/dataset\N230201493.JPG,True
07/10/2023 10:07:09,D:/oneid_backend/icao-guidelines-server/dataset\N230201496.JPG,False
07/10/2023 10:07:09,D:/oneid_backend/icao-guidelines-server/dataset\N230201522.JPG,True
07/10/2023 10:07:09,D:/oneid_backend/icao-guidelines-server/dataset\N230201524.JPG,True
07/10/2023 10:07:09,D:/oneid_backend/icao-guidelines-server/dataset\N230201527.JPG,True
07/10/2023 10:07:09,D:/oneid_backend/icao-guidelines-server/dataset\N230201528.JPG,True
07/10/2023 10:07:09,D:/oneid_backend/icao-guidelines-server/dataset\N230201529.JPG,True
07/10/2023 10:07:09,D:/oneid_backend/icao-guidelines-server/dataset\N230201530.JPG,True
07/10/2023 10:07:09,D:/oneid_backend/icao-guidelines-server/dataset\N230201531.JPG,True
07/10/2023 10:07:09,D:/oneid_backend/icao-guidelines-server/dataset\N230201543.JPG,True
07/10/2023 10:07:09,D:/oneid_backend/icao-guidelines-server/dataset\N230201547.JPG,True
07/10/2023 10:07:09,D:/oneid_backend/icao-guidelines-server/dataset\N230201554.JPG,True
07/10/2023 10:07:09,D:/oneid_backend/icao-guidelines-server/dataset\N230201561.JPG,True
07/10/2023 10:07:09,D:/oneid_backend/icao-guidelines-server/dataset\N230201565.JPG,True
07/10/2023 10:07:09,D:/oneid_backend/icao-guidelines-server/dataset\N230201570.JPG,True
07/10/2023 10:07:09,D:/oneid_backend/icao-guidelines-server/dataset\N230201579.JPG,True
07/10/2023 10:07:09,D:/oneid_backend/icao-guidelines-server/dataset\N230201598.JPG,True
07/10/2023 10:07:09,D:/oneid_backend/icao-guidelines-server/dataset\N230201604.JPG,True
07/10/2023 10:07:09,D:/oneid_backend/icao-guidelines-server/dataset\N230201623.JPG,True
07/10/2023 10:07:09,D:/oneid_backend/icao-guidelines-server/dataset\N230201631.JPG,True
07/10/2023 10:07:09,D:/oneid_backend/icao-guidelines-server/dataset\N230201658.JPG,True
07/10/2023 10:07:10,D:/oneid_backend/icao-guidelines-server/dataset\N230201660.JPG,True
07/10/2023 10:07:10,D:/oneid_backend/icao-guidelines-server/dataset\N230201664.JPG,True
07/10/2023 10:07:10,D:/oneid_backend/icao-guidelines-server/dataset\N230201669.JPG,True
07/10/2023 10:07:10,D:/oneid_backend/icao-guidelines-server/dataset\N230201672.JPG,True
07/10/2023 10:07:10,D:/oneid_backend/icao-guidelines-server/dataset\N230201680.JPG,True
07/10/2023 10:07:10,D:/oneid_backend/icao-guidelines-server/dataset\N230301631.JPG,True
07/10/2023 10:07:10,D:/oneid_backend/icao-guidelines-server/dataset\N230301639.JPG,True
07/10/2023 10:07:10,D:/oneid_backend/icao-guidelines-server/dataset\N230301650.JPG,True
07/10/2023 10:07:10,D:/oneid_backend/icao-guidelines-server/dataset\N230301654.JPG,True
07/10/2023 10:07:10,D:/oneid_backend/icao-guidelines-server/dataset\N230301656.JPG,True
07/10/2023 10:07:10,D:/oneid_backend/icao-guidelines-server/dataset\N230301657.JPG,True
07/10/2023 10:07:10,D:/oneid_backend/icao-guidelines-server/dataset\N230301659.JPG,True
07/10/2023 10:07:10,D:/oneid_backend/icao-guidelines-server/dataset\N230301661.JPG,True
07/10/2023 10:07:10,D:/oneid_backend/icao-guidelines-server/dataset\N230301668.JPG,True
07/10/2023 10:07:10,D:/oneid_backend/icao-guidelines-server/dataset\N230301669.JPG,True
07/10/2023 10:07:10,D:/oneid_backend/icao-guidelines-server/dataset\N230301682.JPG,True
07/10/2023 10:07:10,D:/oneid_backend/icao-guidelines-server/dataset\N230301695.JPG,True
07/10/2023 10:07:10,D:/oneid_backend/icao-guidelines-server/dataset\N230301697.JPG,True
07/10/2023 10:07:10,D:/oneid_backend/icao-guidelines-server/dataset\N230301700.JPG,True
07/10/2023 10:07:10,D:/oneid_backend/icao-guidelines-server/dataset\N230301709.JPG,True
07/10/2023 10:07:11,D:/oneid_backend/icao-guidelines-server/dataset\N230301726.JPG,True
07/10/2023 10:07:11,D:/oneid_backend/icao-guidelines-server/dataset\N230301747.JPG,True
07/10/2023 10:07:11,D:/oneid_backend/icao-guidelines-server/dataset\N230301748.JPG,True
07/10/2023 10:07:11,D:/oneid_backend/icao-guidelines-server/dataset\N230301762.JPG,True
07/10/2023 10:07:11,D:/oneid_backend/icao-guidelines-server/dataset\N230301766.JPG,True
07/10/2023 10:07:11,D:/oneid_backend/icao-guidelines-server/dataset\N230301767.JPG,True
07/10/2023 10:07:11,D:/oneid_backend/icao-guidelines-server/dataset\N230301770.JPG,True
07/10/2023 10:07:11,D:/oneid_backend/icao-guidelines-server/dataset\N230301780.JPG,True
07/10/2023 10:07:11,D:/oneid_backend/icao-guidelines-server/dataset\N230301782.JPG,True
07/10/2023 10:07:11,D:/oneid_backend/icao-guidelines-server/dataset\N230301796.JPG,True
07/10/2023 10:07:11,D:/oneid_backend/icao-guidelines-server/dataset\N230301797.JPG,True
07/10/2023 10:07:11,D:/oneid_backend/icao-guidelines-server/dataset\N230301826.JPG,True
07/10/2023 10:07:11,D:/oneid_backend/icao-guidelines-server/dataset\N230301849.JPG,True
07/10/2023 10:07:11,D:/oneid_backend/icao-guidelines-server/dataset\N230301851.JPG,True
07/10/2023 10:07:11,D:/oneid_backend/icao-guidelines-server/dataset\N230301869.JPG,True
07/10/2023 10:07:11,D:/oneid_backend/icao-guidelines-server/dataset\N230301888.JPG,True
07/10/2023 10:07:11,D:/oneid_backend/icao-guidelines-server/dataset\N230301915.JPG,True
07/10/2023 10:07:11,D:/oneid_backend/icao-guidelines-server/dataset\N230301917.JPG,True
07/10/2023 10:07:11,D:/oneid_backend/icao-guidelines-server/dataset\N230301921.JPG,True
07/10/2023 10:07:11,D:/oneid_backend/icao-guidelines-server/dataset\N230301933.JPG,True
07/10/2023 10:07:11,D:/oneid_backend/icao-guidelines-server/dataset\N230501370.JPG,True
07/10/2023 10:07:12,D:/oneid_backend/icao-guidelines-server/dataset\N230501382.JPG,True
07/10/2023 10:07:12,D:/oneid_backend/icao-guidelines-server/dataset\N230501385.JPG,True
07/10/2023 10:07:12,D:/oneid_backend/icao-guidelines-server/dataset\N230501386.JPG,True
07/10/2023 10:07:12,D:/oneid_backend/icao-guidelines-server/dataset\N230501397.JPG,True
07/10/2023 10:07:12,D:/oneid_backend/icao-guidelines-server/dataset\N230501400.JPG,True
07/10/2023 10:07:12,D:/oneid_backend/icao-guidelines-server/dataset\N230501402.JPG,True
07/10/2023 10:07:12,D:/oneid_backend/icao-guidelines-server/dataset\N230501403.JPG,True
07/10/2023 10:07:12,D:/oneid_backend/icao-guidelines-server/dataset\N230501410.JPG,True
07/10/2023 10:07:12,D:/oneid_backend/icao-guidelines-server/dataset\N230501423.JPG,True
07/10/2023 10:07:12,D:/oneid_backend/icao-guidelines-server/dataset\N230501424.JPG,True
07/10/2023 10:07:12,D:/oneid_backend/icao-guidelines-server/dataset\N230501429.JPG,True
07/10/2023 10:07:12,D:/oneid_backend/icao-guidelines-server/dataset\N230501435.JPG,True
07/10/2023 10:07:12,D:/oneid_backend/icao-guidelines-server/dataset\N230501445.JPG,True
07/10/2023 10:07:12,D:/oneid_backend/icao-guidelines-server/dataset\N230501473.JPG,True
07/10/2023 10:07:12,D:/oneid_backend/icao-guidelines-server/dataset\N230501500.JPG,True
07/10/2023 10:07:12,D:/oneid_backend/icao-guidelines-server/dataset\N230501511.JPG,True
07/10/2023 10:07:12,D:/oneid_backend/icao-guidelines-server/dataset\N230501513.JPG,True
07/10/2023 10:07:12,D:/oneid_backend/icao-guidelines-server/dataset\N230501516.JPG,True
07/10/2023 10:07:12,D:/oneid_backend/icao-guidelines-server/dataset\N230501523.JPG,True
07/10/2023 10:07:12,D:/oneid_backend/icao-guidelines-server/dataset\N230501526.JPG,True
07/10/2023 10:07:12,D:/oneid_backend/icao-guidelines-server/dataset\N230501528.JPG,True
07/10/2023 10:07:13,D:/oneid_backend/icao-guidelines-server/dataset\N230501532.JPG,True
07/10/2023 10:07:13,D:/oneid_backend/icao-guidelines-server/dataset\N230501543.JPG,True
07/10/2023 10:07:13,D:/oneid_backend/icao-guidelines-server/dataset\N230501550.JPG,False
07/10/2023 10:07:13,D:/oneid_backend/icao-guidelines-server/dataset\N230501558.JPG,True
07/10/2023 10:07:13,D:/oneid_backend/icao-guidelines-server/dataset\N230501572.JPG,True
07/10/2023 10:07:13,D:/oneid_backend/icao-guidelines-server/dataset\N230501578.JPG,True
07/10/2023 10:07:13,D:/oneid_backend/icao-guidelines-server/dataset\N230501586.JPG,True
07/10/2023 10:07:13,D:/oneid_backend/icao-guidelines-server/dataset\N230501596.JPG,True
07/10/2023 10:07:13,D:/oneid_backend/icao-guidelines-server/dataset\N230501625.JPG,True
07/10/2023 10:07:13,D:/oneid_backend/icao-guidelines-server/dataset\N230501636.JPG,True
07/10/2023 10:07:13,D:/oneid_backend/icao-guidelines-server/dataset\N230501638.JPG,True
07/10/2023 10:07:13,D:/oneid_backend/icao-guidelines-server/dataset\N230501666.JPG,True
07/10/2023 10:07:13,D:/oneid_backend/icao-guidelines-server/dataset\N230501688.JPG,True
07/10/2023 10:07:13,D:/oneid_backend/icao-guidelines-server/dataset\N230501716.JPG,True
07/10/2023 10:07:13,D:/oneid_backend/icao-guidelines-server/dataset\N230601349.JPG,True
07/10/2023 10:07:13,D:/oneid_backend/icao-guidelines-server/dataset\N230601353.JPG,True
07/10/2023 10:07:13,D:/oneid_backend/icao-guidelines-server/dataset\N230601354.JPG,True
07/10/2023 10:07:14,D:/oneid_backend/icao-guidelines-server/dataset\N230601360.JPG,True
07/10/2023 10:07:14,D:/oneid_backend/icao-guidelines-server/dataset\N230601361.JPG,True
07/10/2023 10:07:14,D:/oneid_backend/icao-guidelines-server/dataset\N230601364.JPG,True
07/10/2023 10:07:14,D:/oneid_backend/icao-guidelines-server/dataset\N230601366.JPG,True
07/10/2023 10:07:14,D:/oneid_backend/icao-guidelines-server/dataset\N230601367.JPG,True
07/10/2023 10:07:14,D:/oneid_backend/icao-guidelines-server/dataset\N230601368.JPG,True
07/10/2023 10:07:14,D:/oneid_backend/icao-guidelines-server/dataset\N230601374.JPG,True
07/10/2023 10:07:14,D:/oneid_backend/icao-guidelines-server/dataset\N230601380.JPG,True
07/10/2023 10:07:14,D:/oneid_backend/icao-guidelines-server/dataset\N230601385.JPG,True
07/10/2023 10:07:14,D:/oneid_backend/icao-guidelines-server/dataset\N230601390.JPG,True
07/10/2023 10:07:14,D:/oneid_backend/icao-guidelines-server/dataset\N230601393.JPG,True
07/10/2023 10:07:14,D:/oneid_backend/icao-guidelines-server/dataset\N230601427.JPG,True
07/10/2023 10:07:14,D:/oneid_backend/icao-guidelines-server/dataset\N230601432.JPG,True
07/10/2023 10:07:14,D:/oneid_backend/icao-guidelines-server/dataset\N230601436.JPG,True
07/10/2023 10:07:14,D:/oneid_backend/icao-guidelines-server/dataset\N230601437.JPG,True
07/10/2023 10:07:14,D:/oneid_backend/icao-guidelines-server/dataset\N230601445.JPG,True
07/10/2023 10:07:14,D:/oneid_backend/icao-guidelines-server/dataset\N230601447.JPG,True
07/10/2023 10:07:15,D:/oneid_backend/icao-guidelines-server/dataset\N230601454.JPG,True
07/10/2023 10:07:15,D:/oneid_backend/icao-guidelines-server/dataset\N230601457.JPG,True
07/10/2023 10:07:15,D:/oneid_backend/icao-guidelines-server/dataset\N230601466.JPG,True
07/10/2023 10:07:15,D:/oneid_backend/icao-guidelines-server/dataset\N230601471.JPG,True
07/10/2023 10:07:15,D:/oneid_backend/icao-guidelines-server/dataset\N230601474.JPG,True
07/10/2023 10:07:15,D:/oneid_backend/icao-guidelines-server/dataset\N230601490.JPG,True
07/10/2023 10:07:15,D:/oneid_backend/icao-guidelines-server/dataset\N230601491.JPG,False
07/10/2023 10:07:15,D:/oneid_backend/icao-guidelines-server/dataset\N230601514.JPG,True
07/10/2023 10:07:15,D:/oneid_backend/icao-guidelines-server/dataset\N230601515.JPG,True
07/10/2023 10:07:15,D:/oneid_backend/icao-guidelines-server/dataset\N230601526.JPG,True
07/10/2023 10:07:15,D:/oneid_backend/icao-guidelines-server/dataset\N230601528.JPG,True
07/10/2023 10:07:15,D:/oneid_backend/icao-guidelines-server/dataset\N230601529.JPG,True
07/10/2023 10:07:15,D:/oneid_backend/icao-guidelines-server/dataset\N230601534.JPG,True
07/10/2023 10:07:15,D:/oneid_backend/icao-guidelines-server/dataset\N230601539.JPG,True
07/10/2023 10:07:15,D:/oneid_backend/icao-guidelines-server/dataset\N230601542.JPG,True
07/10/2023 10:07:15,D:/oneid_backend/icao-guidelines-server/dataset\N230601545.JPG,True
07/10/2023 10:07:15,D:/oneid_backend/icao-guidelines-server/dataset\N230601567.JPG,True
07/10/2023 10:07:15,D:/oneid_backend/icao-guidelines-server/dataset\N230601568.JPG,True
07/10/2023 10:07:15,D:/oneid_backend/icao-guidelines-server/dataset\N230601570.JPG,True
07/10/2023 10:07:15,D:/oneid_backend/icao-guidelines-server/dataset\N230601576.JPG,True
07/10/2023 10:07:15,D:/oneid_backend/icao-guidelines-server/dataset\N230601583.JPG,True
07/10/2023 10:07:15,D:/oneid_backend/icao-guidelines-server/dataset\N230601587.JPG,True
07/10/2023 10:07:16,D:/oneid_backend/icao-guidelines-server/dataset\N230601589.JPG,True
07/10/2023 10:07:16,D:/oneid_backend/icao-guidelines-server/dataset\N230601600.JPG,True
07/10/2023 10:07:16,D:/oneid_backend/icao-guidelines-server/dataset\N230601608.JPG,True
07/10/2023 10:07:16,D:/oneid_backend/icao-guidelines-server/dataset\N230601609.JPG,False
07/10/2023 10:07:16,D:/oneid_backend/icao-guidelines-server/dataset\N230601621.JPG,True
07/10/2023 10:07:16,D:/oneid_backend/icao-guidelines-server/dataset\N230601629.JPG,True
07/10/2023 10:07:16,D:/oneid_backend/icao-guidelines-server/dataset\N230601630.JPG,True
07/10/2023 10:07:16,D:/oneid_backend/icao-guidelines-server/dataset\N230601667.JPG,True
07/10/2023 10:07:16,D:/oneid_backend/icao-guidelines-server/dataset\N230601693.JPG,True
07/10/2023 10:07:16,D:/oneid_backend/icao-guidelines-server/dataset\N230601703.JPG,True
07/10/2023 10:07:16,D:/oneid_backend/icao-guidelines-server/dataset\N230601707.JPG,True
07/10/2023 10:07:16,D:/oneid_backend/icao-guidelines-server/dataset\N230601720.JPG,True
07/10/2023 10:07:16,D:/oneid_backend/icao-guidelines-server/dataset\N230601725.JPG,True
07/10/2023 10:07:16,D:/oneid_backend/icao-guidelines-server/dataset\N230601734.JPG,True
07/10/2023 10:07:16,D:/oneid_backend/icao-guidelines-server/dataset\N230601735.JPG,True
07/10/2023 10:07:16,D:/oneid_backend/icao-guidelines-server/dataset\N230701209.JPG,True
07/10/2023 10:07:16,D:/oneid_backend/icao-guidelines-server/dataset\N230701220.JPG,True
07/10/2023 10:07:16,D:/oneid_backend/icao-guidelines-server/dataset\N230701228.JPG,True
07/10/2023 10:07:16,D:/oneid_backend/icao-guidelines-server/dataset\N230701233.JPG,True
07/10/2023 10:07:16,D:/oneid_backend/icao-guidelines-server/dataset\N230701243.JPG,True
07/10/2023 10:07:16,D:/oneid_backend/icao-guidelines-server/dataset\N230701246.JPG,True
07/10/2023 10:07:17,D:/oneid_backend/icao-guidelines-server/dataset\N230701250.JPG,True
07/10/2023 10:07:17,D:/oneid_backend/icao-guidelines-server/dataset\N230701255.JPG,True
07/10/2023 10:07:17,D:/oneid_backend/icao-guidelines-server/dataset\N230701262.JPG,True
07/10/2023 10:07:17,D:/oneid_backend/icao-guidelines-server/dataset\N230701267.JPG,True
07/10/2023 10:07:17,D:/oneid_backend/icao-guidelines-server/dataset\N230701275.JPG,True
07/10/2023 10:07:17,D:/oneid_backend/icao-guidelines-server/dataset\N230701280.JPG,True
07/10/2023 10:07:17,D:/oneid_backend/icao-guidelines-server/dataset\N230701282.JPG,True
07/10/2023 10:07:17,D:/oneid_backend/icao-guidelines-server/dataset\N230701283.JPG,True
07/10/2023 10:07:17,D:/oneid_backend/icao-guidelines-server/dataset\N230701285.JPG,True
07/10/2023 10:07:17,D:/oneid_backend/icao-guidelines-server/dataset\N230701287.JPG,True
07/10/2023 10:07:17,D:/oneid_backend/icao-guidelines-server/dataset\N230701288.JPG,True
07/10/2023 10:07:17,D:/oneid_backend/icao-guidelines-server/dataset\N230701291.JPG,True
07/10/2023 10:07:17,D:/oneid_backend/icao-guidelines-server/dataset\N230701292.JPG,True
07/10/2023 10:07:17,D:/oneid_backend/icao-guidelines-server/dataset\N230701293.JPG,True
07/10/2023 10:07:17,D:/oneid_backend/icao-guidelines-server/dataset\N230701298.JPG,True
07/10/2023 10:07:17,D:/oneid_backend/icao-guidelines-server/dataset\N230701302.JPG,True
07/10/2023 10:07:17,D:/oneid_backend/icao-guidelines-server/dataset\N230701304.JPG,True
07/10/2023 10:07:17,D:/oneid_backend/icao-guidelines-server/dataset\N230701309.JPG,True
07/10/2023 10:07:17,D:/oneid_backend/icao-guidelines-server/dataset\N230701312.JPG,True
07/10/2023 10:07:17,D:/oneid_backend/icao-guidelines-server/dataset\N230701328.JPG,True
07/10/2023 10:07:17,D:/oneid_backend/icao-guidelines-server/dataset\N230701334.JPG,True
07/10/2023 10:07:17,D:/oneid_backend/icao-guidelines-server/dataset\N230701364.JPG,True
07/10/2023 10:07:18,D:/oneid_backend/icao-guidelines-server/dataset\N230701387.JPG,True
07/10/2023 10:07:18,D:/oneid_backend/icao-guidelines-server/dataset\N230701437.JPG,True
07/10/2023 10:07:18,D:/oneid_backend/icao-guidelines-server/dataset\N230701443.JPG,True
07/10/2023 10:07:18,D:/oneid_backend/icao-guidelines-server/dataset\N230701457.JPG,True
07/10/2023 10:07:18,D:/oneid_backend/icao-guidelines-server/dataset\N230701476.JPG,True
07/10/2023 10:07:18,D:/oneid_backend/icao-guidelines-server/dataset\N231100857.JPG,True
07/10/2023 10:07:18,D:/oneid_backend/icao-guidelines-server/dataset\N231100866.JPG,True
07/10/2023 10:07:18,D:/oneid_backend/icao-guidelines-server/dataset\N231100869.JPG,True
07/10/2023 10:07:18,D:/oneid_backend/icao-guidelines-server/dataset\N231100873.JPG,True
07/10/2023 10:07:18,D:/oneid_backend/icao-guidelines-server/dataset\N231100874.JPG,True
07/10/2023 10:07:18,D:/oneid_backend/icao-guidelines-server/dataset\N231100882.JPG,True
07/10/2023 10:07:18,D:/oneid_backend/icao-guidelines-server/dataset\N231100896.JPG,True
07/10/2023 10:07:18,D:/oneid_backend/icao-guidelines-server/dataset\N231100910.JPG,True
07/10/2023 10:07:18,D:/oneid_backend/icao-guidelines-server/dataset\N231100957.JPG,True
07/10/2023 10:07:18,D:/oneid_backend/icao-guidelines-server/dataset\N231100969.JPG,False
07/10/2023 10:07:18,D:/oneid_backend/icao-guidelines-server/dataset\N231100974.JPG,True
07/10/2023 10:07:18,D:/oneid_backend/icao-guidelines-server/dataset\N231100976.JPG,True
07/10/2023 10:07:18,D:/oneid_backend/icao-guidelines-server/dataset\N231100979.JPG,True
07/10/2023 10:07:18,D:/oneid_backend/icao-guidelines-server/dataset\N231100985.JPG,True
07/10/2023 10:07:18,D:/oneid_backend/icao-guidelines-server/dataset\N231100997.JPG,True
07/10/2023 10:07:18,D:/oneid_backend/icao-guidelines-server/dataset\N231101012.JPG,True
07/10/2023 10:07:18,D:/oneid_backend/icao-guidelines-server/dataset\N231101039.JPG,True
07/10/2023 10:07:19,D:/oneid_backend/icao-guidelines-server/dataset\N231200772.JPG,True
07/10/2023 10:07:19,D:/oneid_backend/icao-guidelines-server/dataset\N231200774.JPG,True
07/10/2023 10:07:19,D:/oneid_backend/icao-guidelines-server/dataset\N231200776.JPG,True
07/10/2023 10:07:19,D:/oneid_backend/icao-guidelines-server/dataset\N231200791.JPG,True
07/10/2023 10:07:19,D:/oneid_backend/icao-guidelines-server/dataset\N231200798.JPG,True
07/10/2023 10:07:19,D:/oneid_backend/icao-guidelines-server/dataset\N231200801.JPG,True
07/10/2023 10:07:19,D:/oneid_backend/icao-guidelines-server/dataset\N231200809.JPG,True
07/10/2023 10:07:19,D:/oneid_backend/icao-guidelines-server/dataset\N231200819.JPG,True
07/10/2023 10:07:19,D:/oneid_backend/icao-guidelines-server/dataset\N231200820.JPG,True
07/10/2023 10:07:19,D:/oneid_backend/icao-guidelines-server/dataset\N231200824.JPG,True
07/10/2023 10:07:19,D:/oneid_backend/icao-guidelines-server/dataset\N231200835.JPG,True
07/10/2023 10:07:19,D:/oneid_backend/icao-guidelines-server/dataset\N231200851.JPG,True
07/10/2023 10:07:19,D:/oneid_backend/icao-guidelines-server/dataset\N231200858.JPG,True
07/10/2023 10:07:19,D:/oneid_backend/icao-guidelines-server/dataset\N231200862.JPG,True
07/10/2023 10:07:19,D:/oneid_backend/icao-guidelines-server/dataset\N231200870.JPG,True
07/10/2023 10:07:19,D:/oneid_backend/icao-guidelines-server/dataset\N231200871.JPG,True
07/10/2023 10:07:19,D:/oneid_backend/icao-guidelines-server/dataset\N231200893.JPG,True
07/10/2023 10:07:19,D:/oneid_backend/icao-guidelines-server/dataset\N231200901.JPG,True
07/10/2023 10:07:19,D:/oneid_backend/icao-guidelines-server/dataset\N231200913.JPG,True
07/10/2023 10:07:19,D:/oneid_backend/icao-guidelines-server/dataset\N231200914.JPG,True
07/10/2023 10:07:19,D:/oneid_backend/icao-guidelines-server/dataset\N231200918.JPG,True
07/10/2023 10:07:20,D:/oneid_backend/icao-guidelines-server/dataset\N231200922.JPG,True
07/10/2023 10:07:20,D:/oneid_backend/icao-guidelines-server/dataset\N231200923.JPG,True
07/10/2023 10:07:20,D:/oneid_backend/icao-guidelines-server/dataset\N231200966.JPG,True
07/10/2023 10:07:20,D:/oneid_backend/icao-guidelines-server/dataset\N231200975.JPG,True
07/10/2023 10:07:20,D:/oneid_backend/icao-guidelines-server/dataset\N231300860.JPG,True
07/10/2023 10:07:20,D:/oneid_backend/icao-guidelines-server/dataset\N231300862.JPG,True
07/10/2023 10:07:20,D:/oneid_backend/icao-guidelines-server/dataset\N231300864.JPG,True
07/10/2023 10:07:20,D:/oneid_backend/icao-guidelines-server/dataset\N231300867.JPG,True
07/10/2023 10:07:20,D:/oneid_backend/icao-guidelines-server/dataset\N231300868.JPG,True
07/10/2023 10:07:20,D:/oneid_backend/icao-guidelines-server/dataset\N231300879.JPG,True
07/10/2023 10:07:20,D:/oneid_backend/icao-guidelines-server/dataset\N231300896.JPG,True
07/10/2023 10:07:20,D:/oneid_backend/icao-guidelines-server/dataset\N231300901.JPG,True
07/10/2023 10:07:20,D:/oneid_backend/icao-guidelines-server/dataset\N231300915.JPG,True
07/10/2023 10:07:20,D:/oneid_backend/icao-guidelines-server/dataset\N231300927.JPG,True
07/10/2023 10:07:20,D:/oneid_backend/icao-guidelines-server/dataset\N231300942.JPG,True
07/10/2023 10:07:20,D:/oneid_backend/icao-guidelines-server/dataset\N231300943.JPG,True
07/10/2023 10:07:20,D:/oneid_backend/icao-guidelines-server/dataset\N231300951.JPG,True
07/10/2023 10:07:20,D:/oneid_backend/icao-guidelines-server/dataset\N231300954.JPG,True
07/10/2023 10:07:20,D:/oneid_backend/icao-guidelines-server/dataset\N231300959.JPG,True
07/10/2023 10:07:20,D:/oneid_backend/icao-guidelines-server/dataset\N231300985.JPG,True
07/10/2023 10:07:20,D:/oneid_backend/icao-guidelines-server/dataset\N231300994.JPG,True
07/10/2023 10:07:20,D:/oneid_backend/icao-guidelines-server/dataset\N231301002.JPG,True
07/10/2023 10:07:21,D:/oneid_backend/icao-guidelines-server/dataset\N231301006.JPG,True
07/10/2023 10:07:21,D:/oneid_backend/icao-guidelines-server/dataset\N231301007.JPG,True
07/10/2023 10:07:21,D:/oneid_backend/icao-guidelines-server/dataset\N231301016.JPG,True
07/10/2023 10:07:21,D:/oneid_backend/icao-guidelines-server/dataset\N231301024.JPG,True
07/10/2023 10:07:21,D:/oneid_backend/icao-guidelines-server/dataset\N231301025.JPG,True
07/10/2023 10:07:21,D:/oneid_backend/icao-guidelines-server/dataset\N231301026.JPG,True
07/10/2023 10:07:21,D:/oneid_backend/icao-guidelines-server/dataset\N231301036.JPG,True
07/10/2023 10:07:21,D:/oneid_backend/icao-guidelines-server/dataset\N231301044.JPG,True
07/10/2023 10:07:21,D:/oneid_backend/icao-guidelines-server/dataset\N231301058.JPG,True
07/10/2023 10:07:21,D:/oneid_backend/icao-guidelines-server/dataset\N231301059.JPG,True
07/10/2023 10:07:21,D:/oneid_backend/icao-guidelines-server/dataset\N231301078.JPG,True
07/10/2023 10:07:21,D:/oneid_backend/icao-guidelines-server/dataset\N231301085.JPG,False
07/10/2023 10:07:21,D:/oneid_backend/icao-guidelines-server/dataset\N231301102.JPG,True
07/10/2023 10:07:21,D:/oneid_backend/icao-guidelines-server/dataset\N231301105.JPG,True
07/10/2023 10:07:21,D:/oneid_backend/icao-guidelines-server/dataset\N231401176.JPG,True
07/10/2023 10:07:21,D:/oneid_backend/icao-guidelines-server/dataset\N231401190.JPG,True
07/10/2023 10:07:21,D:/oneid_backend/icao-guidelines-server/dataset\N231401197.JPG,True
07/10/2023 10:07:21,D:/oneid_backend/icao-guidelines-server/dataset\N231401198.JPG,True
07/10/2023 10:07:21,D:/oneid_backend/icao-guidelines-server/dataset\N231401225.JPG,True
07/10/2023 10:07:21,D:/oneid_backend/icao-guidelines-server/dataset\N231401242.JPG,True
07/10/2023 10:07:21,D:/oneid_backend/icao-guidelines-server/dataset\N231401253.JPG,True
07/10/2023 10:07:21,D:/oneid_backend/icao-guidelines-server/dataset\N231401256.JPG,True
07/10/2023 10:07:22,D:/oneid_backend/icao-guidelines-server/dataset\N231401263.JPG,True
07/10/2023 10:07:22,D:/oneid_backend/icao-guidelines-server/dataset\N231401264.JPG,True
07/10/2023 10:07:22,D:/oneid_backend/icao-guidelines-server/dataset\N231401268.JPG,True
07/10/2023 10:07:22,D:/oneid_backend/icao-guidelines-server/dataset\N231401277.JPG,True
07/10/2023 10:07:22,D:/oneid_backend/icao-guidelines-server/dataset\N231401284.JPG,True
07/10/2023 10:07:22,D:/oneid_backend/icao-guidelines-server/dataset\N231401290.JPG,True
07/10/2023 10:07:22,D:/oneid_backend/icao-guidelines-server/dataset\N231401303.JPG,True
07/10/2023 10:07:22,D:/oneid_backend/icao-guidelines-server/dataset\N231401318.JPG,True
07/10/2023 10:07:22,D:/oneid_backend/icao-guidelines-server/dataset\N231401325.JPG,True
07/10/2023 10:07:22,D:/oneid_backend/icao-guidelines-server/dataset\N231401326.JPG,True
07/10/2023 10:07:22,D:/oneid_backend/icao-guidelines-server/dataset\N231500951.JPG,True
07/10/2023 10:07:22,D:/oneid_backend/icao-guidelines-server/dataset\N231500954.JPG,True
07/10/2023 10:07:22,D:/oneid_backend/icao-guidelines-server/dataset\N231500959.JPG,True
07/10/2023 10:07:22,D:/oneid_backend/icao-guidelines-server/dataset\N231500993.JPG,True
07/10/2023 10:07:22,D:/oneid_backend/icao-guidelines-server/dataset\N231501007.JPG,True
07/10/2023 10:07:22,D:/oneid_backend/icao-guidelines-server/dataset\N231501009.JPG,True
07/10/2023 10:07:22,D:/oneid_backend/icao-guidelines-server/dataset\N231501011.JPG,True
07/10/2023 10:07:22,D:/oneid_backend/icao-guidelines-server/dataset\N231501013.JPG,True
07/10/2023 10:07:22,D:/oneid_backend/icao-guidelines-server/dataset\N231501029.JPG,True
07/10/2023 10:07:22,D:/oneid_backend/icao-guidelines-server/dataset\N231501032.JPG,True
07/10/2023 10:07:22,D:/oneid_backend/icao-guidelines-server/dataset\N231501043.JPG,True
07/10/2023 10:07:22,D:/oneid_backend/icao-guidelines-server/dataset\N231501047.JPG,True
07/10/2023 10:07:23,D:/oneid_backend/icao-guidelines-server/dataset\N231501057.JPG,True
07/10/2023 10:07:23,D:/oneid_backend/icao-guidelines-server/dataset\N231501063.JPG,True
07/10/2023 10:07:23,D:/oneid_backend/icao-guidelines-server/dataset\N231501064.JPG,True
07/10/2023 10:07:23,D:/oneid_backend/icao-guidelines-server/dataset\N231501066.JPG,True
07/10/2023 10:07:23,D:/oneid_backend/icao-guidelines-server/dataset\N231501073.JPG,True
07/10/2023 10:07:23,D:/oneid_backend/icao-guidelines-server/dataset\N231501076.JPG,True
07/10/2023 10:07:23,D:/oneid_backend/icao-guidelines-server/dataset\N231501101.JPG,True
07/10/2023 10:07:23,D:/oneid_backend/icao-guidelines-server/dataset\N231501102.JPG,True
07/10/2023 10:07:23,D:/oneid_backend/icao-guidelines-server/dataset\N231501112.JPG,True
07/10/2023 10:07:23,D:/oneid_backend/icao-guidelines-server/dataset\N231501121.JPG,True
07/10/2023 10:07:23,D:/oneid_backend/icao-guidelines-server/dataset\N231501125.JPG,True
07/10/2023 10:07:23,D:/oneid_backend/icao-guidelines-server/dataset\N231600919.JPG,True
07/10/2023 10:07:23,D:/oneid_backend/icao-guidelines-server/dataset\N231600922.JPG,True
07/10/2023 10:07:23,D:/oneid_backend/icao-guidelines-server/dataset\N231600929.JPG,True
07/10/2023 10:07:23,D:/oneid_backend/icao-guidelines-server/dataset\N231600941.JPG,True
07/10/2023 10:07:23,D:/oneid_backend/icao-guidelines-server/dataset\N231600966.JPG,True
07/10/2023 10:07:23,D:/oneid_backend/icao-guidelines-server/dataset\N231600982.JPG,True
07/10/2023 10:07:23,D:/oneid_backend/icao-guidelines-server/dataset\N231600984.JPG,True
07/10/2023 10:07:23,D:/oneid_backend/icao-guidelines-server/dataset\N231600996.JPG,True
07/10/2023 10:07:23,D:/oneid_backend/icao-guidelines-server/dataset\N231601015.JPG,True
07/10/2023 10:07:23,D:/oneid_backend/icao-guidelines-server/dataset\N231601044.JPG,True
07/10/2023 10:07:23,D:/oneid_backend/icao-guidelines-server/dataset\N231601052.JPG,True
07/10/2023 10:07:24,D:/oneid_backend/icao-guidelines-server/dataset\N231601055.JPG,False
07/10/2023 10:07:24,D:/oneid_backend/icao-guidelines-server/dataset\N231601079.JPG,True
07/10/2023 10:07:24,D:/oneid_backend/icao-guidelines-server/dataset\N231601086.JPG,True
07/10/2023 10:07:24,D:/oneid_backend/icao-guidelines-server/dataset\N231601100.JPG,True
07/10/2023 10:07:24,D:/oneid_backend/icao-guidelines-server/dataset\N231601129.JPG,True
07/10/2023 10:07:24,D:/oneid_backend/icao-guidelines-server/dataset\N231701433.JPG,True
07/10/2023 10:07:24,D:/oneid_backend/icao-guidelines-server/dataset\N231701443.JPG,True
07/10/2023 10:07:24,D:/oneid_backend/icao-guidelines-server/dataset\N231701444.JPG,True
07/10/2023 10:07:24,D:/oneid_backend/icao-guidelines-server/dataset\N231701448.JPG,True
07/10/2023 10:07:24,D:/oneid_backend/icao-guidelines-server/dataset\N231701460.JPG,True
07/10/2023 10:07:24,D:/oneid_backend/icao-guidelines-server/dataset\N231701463.JPG,True
07/10/2023 10:07:24,D:/oneid_backend/icao-guidelines-server/dataset\N231701466.JPG,True
07/10/2023 10:07:24,D:/oneid_backend/icao-guidelines-server/dataset\N231701495.JPG,True
07/10/2023 10:07:24,D:/oneid_backend/icao-guidelines-server/dataset\N231701516.JPG,True
07/10/2023 10:07:24,D:/oneid_backend/icao-guidelines-server/dataset\N231701524.JPG,True
07/10/2023 10:07:24,D:/oneid_backend/icao-guidelines-server/dataset\N231701529.JPG,True
07/10/2023 10:07:24,D:/oneid_backend/icao-guidelines-server/dataset\N231701531.JPG,True
07/10/2023 10:07:24,D:/oneid_backend/icao-guidelines-server/dataset\N231701551.JPG,True
07/10/2023 10:07:24,D:/oneid_backend/icao-guidelines-server/dataset\N231701595.JPG,True
07/10/2023 10:07:24,D:/oneid_backend/icao-guidelines-server/dataset\N231701615.JPG,True
07/10/2023 10:07:24,D:/oneid_backend/icao-guidelines-server/dataset\N231701621.JPG,True
07/10/2023 10:07:24,D:/oneid_backend/icao-guidelines-server/dataset\N231701627.JPG,True
07/10/2023 10:07:24,D:/oneid_backend/icao-guidelines-server/dataset\N231701635.JPG,True
07/10/2023 10:07:25,D:/oneid_backend/icao-guidelines-server/dataset\N231701652.JPG,True
07/10/2023 10:07:25,D:/oneid_backend/icao-guidelines-server/dataset\N231701664.JPG,True
07/10/2023 10:07:25,D:/oneid_backend/icao-guidelines-server/dataset\N231701677.JPG,True
07/10/2023 10:07:25,D:/oneid_backend/icao-guidelines-server/dataset\N231701700.JPG,True
07/10/2023 10:07:25,D:/oneid_backend/icao-guidelines-server/dataset\N231701704.JPG,True
07/10/2023 10:07:25,D:/oneid_backend/icao-guidelines-server/dataset\N231701712.JPG,True
07/10/2023 10:07:25,D:/oneid_backend/icao-guidelines-server/dataset\N231701726.JPG,True
07/10/2023 10:07:25,D:/oneid_backend/icao-guidelines-server/dataset\N231703080.JPG,True
07/10/2023 10:07:25,D:/oneid_backend/icao-guidelines-server/dataset\N231703659.JPG,True
07/10/2023 10:07:25,D:/oneid_backend/icao-guidelines-server/dataset\N231704338.JPG,True
07/10/2023 10:07:25,D:/oneid_backend/icao-guidelines-server/dataset\N231705525.JPG,True
07/10/2023 10:07:25,D:/oneid_backend/icao-guidelines-server/dataset\N231707783.JPG,True
07/10/2023 10:07:25,D:/oneid_backend/icao-guidelines-server/dataset\N231708792.JPG,True
07/10/2023 10:07:25,D:/oneid_backend/icao-guidelines-server/dataset\N232800024.JPG,True
07/10/2023 10:07:25,D:/oneid_backend/icao-guidelines-server/dataset\N236000315.JPG,True
07/10/2023 10:07:25,D:/oneid_backend/icao-guidelines-server/dataset\N236000322.JPG,True
07/10/2023 10:07:25,D:/oneid_backend/icao-guidelines-server/dataset\N236000327.JPG,True
07/10/2023 10:07:25,D:/oneid_backend/icao-guidelines-server/dataset\N236000328.JPG,True
07/10/2023 10:07:25,D:/oneid_backend/icao-guidelines-server/dataset\N236000330.JPG,True
07/10/2023 10:07:25,D:/oneid_backend/icao-guidelines-server/dataset\N236000343.JPG,True
07/10/2023 10:07:25,D:/oneid_backend/icao-guidelines-server/dataset\N236000354.JPG,True
07/10/2023 10:07:25,D:/oneid_backend/icao-guidelines-server/dataset\N236000371.JPG,True
07/10/2023 10:07:26,D:/oneid_backend/icao-guidelines-server/dataset\N236100467.JPG,True
07/10/2023 10:07:26,D:/oneid_backend/icao-guidelines-server/dataset\N236100469.JPG,True
07/10/2023 10:07:26,D:/oneid_backend/icao-guidelines-server/dataset\N236100475.JPG,True
07/10/2023 10:07:26,D:/oneid_backend/icao-guidelines-server/dataset\N236100476.JPG,True
07/10/2023 10:07:26,D:/oneid_backend/icao-guidelines-server/dataset\N236100492.JPG,True
07/10/2023 10:07:26,D:/oneid_backend/icao-guidelines-server/dataset\N236100494.JPG,True
07/10/2023 10:07:26,D:/oneid_backend/icao-guidelines-server/dataset\N236100497.JPG,True
07/10/2023 10:07:26,D:/oneid_backend/icao-guidelines-server/dataset\N236100499.JPG,True
07/10/2023 10:07:26,D:/oneid_backend/icao-guidelines-server/dataset\N236100500.JPG,True
07/10/2023 10:07:26,D:/oneid_backend/icao-guidelines-server/dataset\N236100502.JPG,True
07/10/2023 10:07:26,D:/oneid_backend/icao-guidelines-server/dataset\N236100506.JPG,True
07/10/2023 10:07:26,D:/oneid_backend/icao-guidelines-server/dataset\N236100508.JPG,True
07/10/2023 10:07:26,D:/oneid_backend/icao-guidelines-server/dataset\N236100516.JPG,True
07/10/2023 10:07:26,D:/oneid_backend/icao-guidelines-server/dataset\N236100517.JPG,True
07/10/2023 10:07:26,D:/oneid_backend/icao-guidelines-server/dataset\N236100530.JPG,True
07/10/2023 10:07:26,D:/oneid_backend/icao-guidelines-server/dataset\N236100531.JPG,True
07/10/2023 10:07:26,D:/oneid_backend/icao-guidelines-server/dataset\N236100538.JPG,True
07/10/2023 10:07:26,D:/oneid_backend/icao-guidelines-server/dataset\N236100545.JPG,True
07/10/2023 10:07:26,D:/oneid_backend/icao-guidelines-server/dataset\N236100555.JPG,True
07/10/2023 10:07:26,D:/oneid_backend/icao-guidelines-server/dataset\N237000273.JPG,True
07/10/2023 10:07:26,D:/oneid_backend/icao-guidelines-server/dataset\N237000311.JPG,True
07/10/2023 10:07:26,D:/oneid_backend/icao-guidelines-server/dataset\N237000313.JPG,True
07/10/2023 10:07:27,D:/oneid_backend/icao-guidelines-server/dataset\N237100581.JPG,True
07/10/2023 10:07:27,D:/oneid_backend/icao-guidelines-server/dataset\N237100582.JPG,True
07/10/2023 10:07:27,D:/oneid_backend/icao-guidelines-server/dataset\N237100583.JPG,True
07/10/2023 10:07:27,D:/oneid_backend/icao-guidelines-server/dataset\N237100585.JPG,True
07/10/2023 10:07:27,D:/oneid_backend/icao-guidelines-server/dataset\N237100588.JPG,True
07/10/2023 10:07:27,D:/oneid_backend/icao-guidelines-server/dataset\N237100590.JPG,True
07/10/2023 10:07:27,D:/oneid_backend/icao-guidelines-server/dataset\N237100592.JPG,True
07/10/2023 10:07:27,D:/oneid_backend/icao-guidelines-server/dataset\N237100610.JPG,True
07/10/2023 10:07:27,D:/oneid_backend/icao-guidelines-server/dataset\N237100634.JPG,True
07/10/2023 10:07:27,D:/oneid_backend/icao-guidelines-server/dataset\N237100638.JPG,True
07/10/2023 10:07:27,D:/oneid_backend/icao-guidelines-server/dataset\N237100668.JPG,True
07/10/2023 10:07:27,D:/oneid_backend/icao-guidelines-server/dataset\N237100672.JPG,True
07/10/2023 10:07:27,D:/oneid_backend/icao-guidelines-server/dataset\N237100677.JPG,True
07/10/2023 10:07:27,D:/oneid_backend/icao-guidelines-server/dataset\N238000179.JPG,True
07/10/2023 10:07:27,D:/oneid_backend/icao-guidelines-server/dataset\N238000201.JPG,True
07/10/2023 10:07:27,D:/oneid_backend/icao-guidelines-server/dataset\N238000204.JPG,True
07/10/2023 10:07:27,D:/oneid_backend/icao-guidelines-server/dataset\N238100551.JPG,True
07/10/2023 10:07:27,D:/oneid_backend/icao-guidelines-server/dataset\N238100554.JPG,True
07/10/2023 10:07:27,D:/oneid_backend/icao-guidelines-server/dataset\N238100555.JPG,True
07/10/2023 10:07:27,D:/oneid_backend/icao-guidelines-server/dataset\N238100559.JPG,True
07/10/2023 10:07:27,D:/oneid_backend/icao-guidelines-server/dataset\N238100575.JPG,True
07/10/2023 10:07:27,D:/oneid_backend/icao-guidelines-server/dataset\N238100592.JPG,True
07/10/2023 10:07:28,D:/oneid_backend/icao-guidelines-server/dataset\N238100600.JPG,True
07/10/2023 10:07:28,D:/oneid_backend/icao-guidelines-server/dataset\N238100624.JPG,True
07/10/2023 10:07:28,D:/oneid_backend/icao-guidelines-server/dataset\N238100646.JPG,True
07/10/2023 10:07:28,D:/oneid_backend/icao-guidelines-server/dataset\N238100650.JPG,True
07/10/2023 10:07:28,D:/oneid_backend/icao-guidelines-server/dataset\N238100651.JPG,True
07/10/2023 10:07:28,D:/oneid_backend/icao-guidelines-server/dataset\N238100654.JPG,True
07/10/2023 10:07:28,D:/oneid_backend/icao-guidelines-server/dataset\N238100655.JPG,True
07/10/2023 10:07:28,D:/oneid_backend/icao-guidelines-server/dataset\N239001012.JPG,True
07/10/2023 10:07:28,D:/oneid_backend/icao-guidelines-server/dataset\N239001014.JPG,True
07/10/2023 10:07:28,D:/oneid_backend/icao-guidelines-server/dataset\N239001015.JPG,True
07/10/2023 10:07:28,D:/oneid_backend/icao-guidelines-server/dataset\N239001016.JPG,True
07/10/2023 10:07:28,D:/oneid_backend/icao-guidelines-server/dataset\N239001017.JPG,True
07/10/2023 10:07:28,D:/oneid_backend/icao-guidelines-server/dataset\N239001031.JPG,True
07/10/2023 10:07:28,D:/oneid_backend/icao-guidelines-server/dataset\N239001060.JPG,True
07/10/2023 10:07:28,D:/oneid_backend/icao-guidelines-server/dataset\N239001064.JPG,True
07/10/2023 10:07:28,D:/oneid_backend/icao-guidelines-server/dataset\N239001086.JPG,True
07/10/2023 10:07:28,D:/oneid_backend/icao-guidelines-server/dataset\N239001100.JPG,True
07/10/2023 10:07:28,D:/oneid_backend/icao-guidelines-server/dataset\N239001107.JPG,True
07/10/2023 10:07:28,D:/oneid_backend/icao-guidelines-server/dataset\N239001118.JPG,True
07/10/2023 10:07:28,D:/oneid_backend/icao-guidelines-server/dataset\N239001120.JPG,True
07/10/2023 10:07:28,D:/oneid_backend/icao-guidelines-server/dataset\N239001127.JPG,True
07/10/2023 10:07:28,D:/oneid_backend/icao-guidelines-server/dataset\N239001141.JPG,True
07/10/2023 10:07:29,D:/oneid_backend/icao-guidelines-server/dataset\N239001148.JPG,True
07/10/2023 10:07:29,D:/oneid_backend/icao-guidelines-server/dataset\N239001150.JPG,True
07/10/2023 10:07:29,D:/oneid_backend/icao-guidelines-server/dataset\N239001165.JPG,True
07/10/2023 10:07:29,D:/oneid_backend/icao-guidelines-server/dataset\N239001170.JPG,True
07/10/2023 10:07:29,D:/oneid_backend/icao-guidelines-server/dataset\N239001179.JPG,True
07/10/2023 10:07:29,D:/oneid_backend/icao-guidelines-server/dataset\N239001197.JPG,True
07/10/2023 10:07:29,D:/oneid_backend/icao-guidelines-server/dataset\N239001198.JPG,True
07/10/2023 10:07:29,D:/oneid_backend/icao-guidelines-server/dataset\N239001203.JPG,True
07/10/2023 10:07:29,D:/oneid_backend/icao-guidelines-server/dataset\N239001206.JPG,True
07/10/2023 10:07:29,D:/oneid_backend/icao-guidelines-server/dataset\N239001213.JPG,True
07/10/2023 10:07:29,D:/oneid_backend/icao-guidelines-server/dataset\N239001214.JPG,True
07/10/2023 10:07:29,D:/oneid_backend/icao-guidelines-server/dataset\N239001219.JPG,True
07/10/2023 10:07:29,D:/oneid_backend/icao-guidelines-server/dataset\N239001223.JPG,True
21/10/2023 21:43:54,D:/oneid_backend/icao-guidelines-server/dataset\N230101660.JPG,True
21/10/2023 21:43:54,D:/oneid_backend/icao-guidelines-server/dataset\N230101661.JPG,True
21/10/2023 21:43:54,D:/oneid_backend/icao-guidelines-server/dataset\N230101664.JPG,True
21/10/2023 21:43:54,D:/oneid_backend/icao-guidelines-server/dataset\N230101669.JPG,True
21/10/2023 21:43:55,D:/oneid_backend/icao-guidelines-server/dataset\N230101671.JPG,True
21/10/2023 21:43:55,D:/oneid_backend/icao-guidelines-server/dataset\N230101683.JPG,True
21/10/2023 21:43:55,D:/oneid_backend/icao-guidelines-server/dataset\N230101691.JPG,True
21/10/2023 21:43:55,D:/oneid_backend/icao-guidelines-server/dataset\N230101696.JPG,True
21/10/2023 21:43:55,D:/oneid_backend/icao-guidelines-server/dataset\N230101709.JPG,True
21/10/2023 21:43:56,D:/oneid_backend/icao-guidelines-server/dataset\N230101710.JPG,True
21/10/2023 21:43:56,D:/oneid_backend/icao-guidelines-server/dataset\N230101717.JPG,True
21/10/2023 21:43:56,D:/oneid_backend/icao-guidelines-server/dataset\N230101719.JPG,True
21/10/2023 21:43:56,D:/oneid_backend/icao-guidelines-server/dataset\N230101726.JPG,True
21/10/2023 21:43:56,D:/oneid_backend/icao-guidelines-server/dataset\N230101743.JPG,True
21/10/2023 21:43:57,D:/oneid_backend/icao-guidelines-server/dataset\N230101747.JPG,True
21/10/2023 21:43:57,D:/oneid_backend/icao-guidelines-server/dataset\N230101749.JPG,True
21/10/2023 21:43:57,D:/oneid_backend/icao-guidelines-server/dataset\N230101750.JPG,True
21/10/2023 21:43:57,D:/oneid_backend/icao-guidelines-server/dataset\N230101757.JPG,True
21/10/2023 21:43:57,D:/oneid_backend/icao-guidelines-server/dataset\N230101775.JPG,True
21/10/2023 21:43:57,D:/oneid_backend/icao-guidelines-server/dataset\N230101776.JPG,True
21/10/2023 21:43:57,D:/oneid_backend/icao-guidelines-server/dataset\N230101778.JPG,True
21/10/2023 21:43:58,D:/oneid_backend/icao-guidelines-server/dataset\N230101780.JPG,True
21/10/2023 21:43:58,D:/oneid_backend/icao-guidelines-server/dataset\N230101793.JPG,True
21/10/2023 21:43:58,D:/oneid_backend/icao-guidelines-server/dataset\N230101799.JPG,True
21/10/2023 21:43:58,D:/oneid_backend/icao-guidelines-server/dataset\N230101808.JPG,True
21/10/2023 21:43:58,D:/oneid_backend/icao-guidelines-server/dataset\N230101829.JPG,False
21/10/2023 21:43:58,D:/oneid_backend/icao-guidelines-server/dataset\N230101837.JPG,True
21/10/2023 21:43:59,D:/oneid_backend/icao-guidelines-server/dataset\N230101841.JPG,True
21/10/2023 21:43:59,D:/oneid_backend/icao-guidelines-server/dataset\N230101854.JPG,True
21/10/2023 21:43:59,D:/oneid_backend/icao-guidelines-server/dataset\N230101883.JPG,True
21/10/2023 21:43:59,D:/oneid_backend/icao-guidelines-server/dataset\N230101886.JPG,True
21/10/2023 21:43:59,D:/oneid_backend/icao-guidelines-server/dataset\N230101888.JPG,True
21/10/2023 21:43:59,D:/oneid_backend/icao-guidelines-server/dataset\N230101899.JPG,True
21/10/2023 21:43:59,D:/oneid_backend/icao-guidelines-server/dataset\N230101918.JPG,True
21/10/2023 21:44:00,D:/oneid_backend/icao-guidelines-server/dataset\N230101959.JPG,True
21/10/2023 21:44:00,D:/oneid_backend/icao-guidelines-server/dataset\N230101972.JPG,True
21/10/2023 21:44:00,D:/oneid_backend/icao-guidelines-server/dataset\N230101975.JPG,True
21/10/2023 21:44:00,D:/oneid_backend/icao-guidelines-server/dataset\N230101977.JPG,True
21/10/2023 21:44:00,D:/oneid_backend/icao-guidelines-server/dataset\N230101995.JPG,True
21/10/2023 21:44:00,D:/oneid_backend/icao-guidelines-server/dataset\N230102007.JPG,True
21/10/2023 21:44:01,D:/oneid_backend/icao-guidelines-server/dataset\N230102011.JPG,True
21/10/2023 21:44:01,D:/oneid_backend/icao-guidelines-server/dataset\N230102012.JPG,True
21/10/2023 21:44:01,D:/oneid_backend/icao-guidelines-server/dataset\N230201404.JPG,True
21/10/2023 21:44:01,D:/oneid_backend/icao-guidelines-server/dataset\N230201405.JPG,True
21/10/2023 21:44:01,D:/oneid_backend/icao-guidelines-server/dataset\N230201407.JPG,False
21/10/2023 21:44:01,D:/oneid_backend/icao-guidelines-server/dataset\N230201408.JPG,True
21/10/2023 21:44:02,D:/oneid_backend/icao-guidelines-server/dataset\N230201420.JPG,True
21/10/2023 21:44:02,D:/oneid_backend/icao-guidelines-server/dataset\N230201428.JPG,True
21/10/2023 21:44:02,D:/oneid_backend/icao-guidelines-server/dataset\N230201432.JPG,True
21/10/2023 21:44:02,D:/oneid_backend/icao-guidelines-server/dataset\N230201439.JPG,True
21/10/2023 21:44:02,D:/oneid_backend/icao-guidelines-server/dataset\N230201441.JPG,True
21/10/2023 21:44:03,D:/oneid_backend/icao-guidelines-server/dataset\N230201442.JPG,True
21/10/2023 21:44:03,D:/oneid_backend/icao-guidelines-server/dataset\N230201445.JPG,True
21/10/2023 21:44:03,D:/oneid_backend/icao-guidelines-server/dataset\N230201446.JPG,True
21/10/2023 21:44:03,D:/oneid_backend/icao-guidelines-server/dataset\N230201447.JPG,True
21/10/2023 21:44:03,D:/oneid_backend/icao-guidelines-server/dataset\N230201448.JPG,True
21/10/2023 21:44:04,D:/oneid_backend/icao-guidelines-server/dataset\N230201450.JPG,True
21/10/2023 21:44:04,D:/oneid_backend/icao-guidelines-server/dataset\N230201452.JPG,True
21/10/2023 21:44:04,D:/oneid_backend/icao-guidelines-server/dataset\N230201453.JPG,True
21/10/2023 21:44:04,D:/oneid_backend/icao-guidelines-server/dataset\N230201459.JPG,True
21/10/2023 21:44:04,D:/oneid_backend/icao-guidelines-server/dataset\N230201464.JPG,True
21/10/2023 21:44:04,D:/oneid_backend/icao-guidelines-server/dataset\N230201476.JPG,True
21/10/2023 21:44:04,D:/oneid_backend/icao-guidelines-server/dataset\N230201477.JPG,True
21/10/2023 21:44:05,D:/oneid_backend/icao-guidelines-server/dataset\N230201493.JPG,True
21/10/2023 21:44:05,D:/oneid_backend/icao-guidelines-server/dataset\N230201496.JPG,False
21/10/2023 21:44:05,D:/oneid_backend/icao-guidelines-server/dataset\N230201522.JPG,True
21/10/2023 21:44:05,D:/oneid_backend/icao-guidelines-server/dataset\N230201524.JPG,True
21/10/2023 21:44:05,D:/oneid_backend/icao-guidelines-server/dataset\N230201527.JPG,True
21/10/2023 21:44:05,D:/oneid_backend/icao-guidelines-server/dataset\N230201528.JPG,True
21/10/2023 21:44:06,D:/oneid_backend/icao-guidelines-server/dataset\N230201529.JPG,True
21/10/2023 21:44:06,D:/oneid_backend/icao-guidelines-server/dataset\N230201530.JPG,True
21/10/2023 21:44:06,D:/oneid_backend/icao-guidelines-server/dataset\N230201531.JPG,True
21/10/2023 21:44:06,D:/oneid_backend/icao-guidelines-server/dataset\N230201543.JPG,True
21/10/2023 21:44:06,D:/oneid_backend/icao-guidelines-server/dataset\N230201547.JPG,True
21/10/2023 21:44:07,D:/oneid_backend/icao-guidelines-server/dataset\N230201554.JPG,True
21/10/2023 21:44:07,D:/oneid_backend/icao-guidelines-server/dataset\N230201561.JPG,True
21/10/2023 21:44:07,D:/oneid_backend/icao-guidelines-server/dataset\N230201565.JPG,True
21/10/2023 21:44:07,D:/oneid_backend/icao-guidelines-server/dataset\N230201570.JPG,True
21/10/2023 21:44:07,D:/oneid_backend/icao-guidelines-server/dataset\N230201579.JPG,True
21/10/2023 21:44:08,D:/oneid_backend/icao-guidelines-server/dataset\N230201598.JPG,True
21/10/2023 21:44:08,D:/oneid_backend/icao-guidelines-server/dataset\N230201604.JPG,True
21/10/2023 21:44:08,D:/oneid_backend/icao-guidelines-server/dataset\N230201623.JPG,True
21/10/2023 21:44:08,D:/oneid_backend/icao-guidelines-server/dataset\N230201631.JPG,True
21/10/2023 21:44:08,D:/oneid_backend/icao-guidelines-server/dataset\N230201658.JPG,True
21/10/2023 21:44:08,D:/oneid_backend/icao-guidelines-server/dataset\N230201660.JPG,True
21/10/2023 21:44:08,D:/oneid_backend/icao-guidelines-server/dataset\N230201664.JPG,True
21/10/2023 21:44:09,D:/oneid_backend/icao-guidelines-server/dataset\N230201669.JPG,True
21/10/2023 21:44:09,D:/oneid_backend/icao-guidelines-server/dataset\N230201672.JPG,True
21/10/2023 21:44:09,D:/oneid_backend/icao-guidelines-server/dataset\N230201680.JPG,True
21/10/2023 21:44:09,D:/oneid_backend/icao-guidelines-server/dataset\N230301631.JPG,True
21/10/2023 21:44:09,D:/oneid_backend/icao-guidelines-server/dataset\N230301639.JPG,True
21/10/2023 21:44:09,D:/oneid_backend/icao-guidelines-server/dataset\N230301650.JPG,True
21/10/2023 21:44:10,D:/oneid_backend/icao-guidelines-server/dataset\N230301654.JPG,True
21/10/2023 21:44:10,D:/oneid_backend/icao-guidelines-server/dataset\N230301656.JPG,True
21/10/2023 21:44:10,D:/oneid_backend/icao-guidelines-server/dataset\N230301657.JPG,True
21/10/2023 21:44:10,D:/oneid_backend/icao-guidelines-server/dataset\N230301659.JPG,True
21/10/2023 21:44:10,D:/oneid_backend/icao-guidelines-server/dataset\N230301661.JPG,True
21/10/2023 21:44:10,D:/oneid_backend/icao-guidelines-server/dataset\N230301668.JPG,True
21/10/2023 21:44:11,D:/oneid_backend/icao-guidelines-server/dataset\N230301669.JPG,True
21/10/2023 21:44:11,D:/oneid_backend/icao-guidelines-server/dataset\N230301682.JPG,True
21/10/2023 21:44:11,D:/oneid_backend/icao-guidelines-server/dataset\N230301695.JPG,True
21/10/2023 21:44:11,D:/oneid_backend/icao-guidelines-server/dataset\N230301697.JPG,True
21/10/2023 21:44:11,D:/oneid_backend/icao-guidelines-server/dataset\N230301700.JPG,True
21/10/2023 21:44:11,D:/oneid_backend/icao-guidelines-server/dataset\N230301709.JPG,True
21/10/2023 21:44:12,D:/oneid_backend/icao-guidelines-server/dataset\N230301726.JPG,True
21/10/2023 21:44:12,D:/oneid_backend/icao-guidelines-server/dataset\N230301747.JPG,True
21/10/2023 21:44:12,D:/oneid_backend/icao-guidelines-server/dataset\N230301748.JPG,True
21/10/2023 21:44:12,D:/oneid_backend/icao-guidelines-server/dataset\N230301762.JPG,True
21/10/2023 21:44:12,D:/oneid_backend/icao-guidelines-server/dataset\N230301766.JPG,True
21/10/2023 21:44:13,D:/oneid_backend/icao-guidelines-server/dataset\N230301767.JPG,True
21/10/2023 21:44:13,D:/oneid_backend/icao-guidelines-server/dataset\N230301770.JPG,True
21/10/2023 21:44:13,D:/oneid_backend/icao-guidelines-server/dataset\N230301780.JPG,True
21/10/2023 21:44:13,D:/oneid_backend/icao-guidelines-server/dataset\N230301782.JPG,True
21/10/2023 21:44:13,D:/oneid_backend/icao-guidelines-server/dataset\N230301796.JPG,True
21/10/2023 21:44:13,D:/oneid_backend/icao-guidelines-server/dataset\N230301797.JPG,True
21/10/2023 21:44:14,D:/oneid_backend/icao-guidelines-server/dataset\N230301826.JPG,True
21/10/2023 21:44:14,D:/oneid_backend/icao-guidelines-server/dataset\N230301849.JPG,True
21/10/2023 21:44:14,D:/oneid_backend/icao-guidelines-server/dataset\N230301851.JPG,True
21/10/2023 21:44:14,D:/oneid_backend/icao-guidelines-server/dataset\N230301869.JPG,True
21/10/2023 21:44:14,D:/oneid_backend/icao-guidelines-server/dataset\N230301888.JPG,True
21/10/2023 21:44:15,D:/oneid_backend/icao-guidelines-server/dataset\N230301915.JPG,True
21/10/2023 21:44:15,D:/oneid_backend/icao-guidelines-server/dataset\N230301917.JPG,True
21/10/2023 21:44:15,D:/oneid_backend/icao-guidelines-server/dataset\N230301921.JPG,True
21/10/2023 21:44:15,D:/oneid_backend/icao-guidelines-server/dataset\N230301933.JPG,True
21/10/2023 21:44:15,D:/oneid_backend/icao-guidelines-server/dataset\N230501370.JPG,True
21/10/2023 21:44:15,D:/oneid_backend/icao-guidelines-server/dataset\N230501382.JPG,True
21/10/2023 21:44:16,D:/oneid_backend/icao-guidelines-server/dataset\N230501385.JPG,True
21/10/2023 21:44:16,D:/oneid_backend/icao-guidelines-server/dataset\N230501386.JPG,True
21/10/2023 21:44:16,D:/oneid_backend/icao-guidelines-server/dataset\N230501397.JPG,True
21/10/2023 21:44:16,D:/oneid_backend/icao-guidelines-server/dataset\N230501400.JPG,True
21/10/2023 21:44:16,D:/oneid_backend/icao-guidelines-server/dataset\N230501402.JPG,True
21/10/2023 21:44:17,D:/oneid_backend/icao-guidelines-server/dataset\N230501403.JPG,True
21/10/2023 21:44:17,D:/oneid_backend/icao-guidelines-server/dataset\N230501410.JPG,True
21/10/2023 21:44:17,D:/oneid_backend/icao-guidelines-server/dataset\N230501423.JPG,True
21/10/2023 21:44:17,D:/oneid_backend/icao-guidelines-server/dataset\N230501424.JPG,True
21/10/2023 21:44:17,D:/oneid_backend/icao-guidelines-server/dataset\N230501429.JPG,True
21/10/2023 21:44:17,D:/oneid_backend/icao-guidelines-server/dataset\N230501435.JPG,True
21/10/2023 21:44:17,D:/oneid_backend/icao-guidelines-server/dataset\N230501445.JPG,True
21/10/2023 21:44:18,D:/oneid_backend/icao-guidelines-server/dataset\N230501473.JPG,True
21/10/2023 21:44:18,D:/oneid_backend/icao-guidelines-server/dataset\N230501500.JPG,True
21/10/2023 21:44:18,D:/oneid_backend/icao-guidelines-server/dataset\N230501511.JPG,True
21/10/2023 21:44:18,D:/oneid_backend/icao-guidelines-server/dataset\N230501513.JPG,True
21/10/2023 21:44:18,D:/oneid_backend/icao-guidelines-server/dataset\N230501516.JPG,True
21/10/2023 21:44:19,D:/oneid_backend/icao-guidelines-server/dataset\N230501523.JPG,True
21/10/2023 21:44:19,D:/oneid_backend/icao-guidelines-server/dataset\N230501526.JPG,True
21/10/2023 21:44:19,D:/oneid_backend/icao-guidelines-server/dataset\N230501528.JPG,True
21/10/2023 21:44:19,D:/oneid_backend/icao-guidelines-server/dataset\N230501532.JPG,True
21/10/2023 21:44:19,D:/oneid_backend/icao-guidelines-server/dataset\N230501543.JPG,True
21/10/2023 21:44:19,D:/oneid_backend/icao-guidelines-server/dataset\N230501550.JPG,False
21/10/2023 21:44:20,D:/oneid_backend/icao-guidelines-server/dataset\N230501558.JPG,True
21/10/2023 21:44:20,D:/oneid_backend/icao-guidelines-server/dataset\N230501572.JPG,True
21/10/2023 21:44:20,D:/oneid_backend/icao-guidelines-server/dataset\N230501578.JPG,True
21/10/2023 21:44:20,D:/oneid_backend/icao-guidelines-server/dataset\N230501586.JPG,True
21/10/2023 21:44:20,D:/oneid_backend/icao-guidelines-server/dataset\N230501596.JPG,True
21/10/2023 21:44:20,D:/oneid_backend/icao-guidelines-server/dataset\N230501625.JPG,True
21/10/2023 21:44:20,D:/oneid_backend/icao-guidelines-server/dataset\N230501636.JPG,True
21/10/2023 21:44:21,D:/oneid_backend/icao-guidelines-server/dataset\N230501638.JPG,True
21/10/2023 21:44:21,D:/oneid_backend/icao-guidelines-server/dataset\N230501666.JPG,True
21/10/2023 21:44:21,D:/oneid_backend/icao-guidelines-server/dataset\N230501688.JPG,True
21/10/2023 21:44:21,D:/oneid_backend/icao-guidelines-server/dataset\N230501716.JPG,True
21/10/2023 21:44:21,D:/oneid_backend/icao-guidelines-server/dataset\N230601349.JPG,True
21/10/2023 21:44:22,D:/oneid_backend/icao-guidelines-server/dataset\N230601353.JPG,True
21/10/2023 21:44:22,D:/oneid_backend/icao-guidelines-server/dataset\N230601354.JPG,True
21/10/2023 21:44:22,D:/oneid_backend/icao-guidelines-server/dataset\N230601360.JPG,True
21/10/2023 21:44:22,D:/oneid_backend/icao-guidelines-server/dataset\N230601361.JPG,True
21/10/2023 21:44:22,D:/oneid_backend/icao-guidelines-server/dataset\N230601364.JPG,True
21/10/2023 21:44:23,D:/oneid_backend/icao-guidelines-server/dataset\N230601366.JPG,True
21/10/2023 21:44:23,D:/oneid_backend/icao-guidelines-server/dataset\N230601367.JPG,True
21/10/2023 21:44:23,D:/oneid_backend/icao-guidelines-server/dataset\N230601368.JPG,True
21/10/2023 21:44:23,D:/oneid_backend/icao-guidelines-server/dataset\N230601374.JPG,True
21/10/2023 21:44:23,D:/oneid_backend/icao-guidelines-server/dataset\N230601380.JPG,True
21/10/2023 21:44:23,D:/oneid_backend/icao-guidelines-server/dataset\N230601385.JPG,True
21/10/2023 21:44:23,D:/oneid_backend/icao-guidelines-server/dataset\N230601390.JPG,True
21/10/2023 21:44:23,D:/oneid_backend/icao-guidelines-server/dataset\N230601393.JPG,True
21/10/2023 21:44:24,D:/oneid_backend/icao-guidelines-server/dataset\N230601427.JPG,True
21/10/2023 21:44:24,D:/oneid_backend/icao-guidelines-server/dataset\N230601432.JPG,True
21/10/2023 21:44:24,D:/oneid_backend/icao-guidelines-server/dataset\N230601436.JPG,True
21/10/2023 21:44:24,D:/oneid_backend/icao-guidelines-server/dataset\N230601437.JPG,True
21/10/2023 21:44:24,D:/oneid_backend/icao-guidelines-server/dataset\N230601445.JPG,True
21/10/2023 21:44:24,D:/oneid_backend/icao-guidelines-server/dataset\N230601447.JPG,True
21/10/2023 21:44:25,D:/oneid_backend/icao-guidelines-server/dataset\N230601454.JPG,True
21/10/2023 21:44:25,D:/oneid_backend/icao-guidelines-server/dataset\N230601457.JPG,True
21/10/2023 21:44:25,D:/oneid_backend/icao-guidelines-server/dataset\N230601466.JPG,True
21/10/2023 21:44:25,D:/oneid_backend/icao-guidelines-server/dataset\N230601471.JPG,True
21/10/2023 21:44:25,D:/oneid_backend/icao-guidelines-server/dataset\N230601474.JPG,True
21/10/2023 21:44:25,D:/oneid_backend/icao-guidelines-server/dataset\N230601490.JPG,True
21/10/2023 21:44:26,D:/oneid_backend/icao-guidelines-server/dataset\N230601491.JPG,False
21/10/2023 21:44:26,D:/oneid_backend/icao-guidelines-server/dataset\N230601514.JPG,True
21/10/2023 21:44:26,D:/oneid_backend/icao-guidelines-server/dataset\N230601515.JPG,True
21/10/2023 21:44:26,D:/oneid_backend/icao-guidelines-server/dataset\N230601526.JPG,True
21/10/2023 21:44:26,D:/oneid_backend/icao-guidelines-server/dataset\N230601528.JPG,True
21/10/2023 21:44:27,D:/oneid_backend/icao-guidelines-server/dataset\N230601529.JPG,True
21/10/2023 21:44:27,D:/oneid_backend/icao-guidelines-server/dataset\N230601534.JPG,True
21/10/2023 21:44:27,D:/oneid_backend/icao-guidelines-server/dataset\N230601539.JPG,True
21/10/2023 21:44:27,D:/oneid_backend/icao-guidelines-server/dataset\N230601542.JPG,True
21/10/2023 21:44:27,D:/oneid_backend/icao-guidelines-server/dataset\N230601545.JPG,True
21/10/2023 21:44:28,D:/oneid_backend/icao-guidelines-server/dataset\N230601567.JPG,True
21/10/2023 21:44:28,D:/oneid_backend/icao-guidelines-server/dataset\N230601568.JPG,True
21/10/2023 21:44:28,D:/oneid_backend/icao-guidelines-server/dataset\N230601570.JPG,True
21/10/2023 21:44:28,D:/oneid_backend/icao-guidelines-server/dataset\N230601576.JPG,True
21/10/2023 21:44:28,D:/oneid_backend/icao-guidelines-server/dataset\N230601583.JPG,True
21/10/2023 21:44:28,D:/oneid_backend/icao-guidelines-server/dataset\N230601587.JPG,True
21/10/2023 21:44:28,D:/oneid_backend/icao-guidelines-server/dataset\N230601589.JPG,True
21/10/2023 21:44:29,D:/oneid_backend/icao-guidelines-server/dataset\N230601600.JPG,True
21/10/2023 21:44:29,D:/oneid_backend/icao-guidelines-server/dataset\N230601608.JPG,True
21/10/2023 21:44:29,D:/oneid_backend/icao-guidelines-server/dataset\N230601609.JPG,False
21/10/2023 21:44:29,D:/oneid_backend/icao-guidelines-server/dataset\N230601621.JPG,True
21/10/2023 21:44:29,D:/oneid_backend/icao-guidelines-server/dataset\N230601629.JPG,True
21/10/2023 21:44:29,D:/oneid_backend/icao-guidelines-server/dataset\N230601630.JPG,True
21/10/2023 21:44:29,D:/oneid_backend/icao-guidelines-server/dataset\N230601667.JPG,True
21/10/2023 21:44:29,D:/oneid_backend/icao-guidelines-server/dataset\N230601693.JPG,True
21/10/2023 21:44:30,D:/oneid_backend/icao-guidelines-server/dataset\N230601703.JPG,True
21/10/2023 21:44:30,D:/oneid_backend/icao-guidelines-server/dataset\N230601707.JPG,True
21/10/2023 21:44:30,D:/oneid_backend/icao-guidelines-server/dataset\N230601720.JPG,True
21/10/2023 21:44:30,D:/oneid_backend/icao-guidelines-server/dataset\N230601725.JPG,True
21/10/2023 21:44:30,D:/oneid_backend/icao-guidelines-server/dataset\N230601734.JPG,True
21/10/2023 21:44:30,D:/oneid_backend/icao-guidelines-server/dataset\N230601735.JPG,True
21/10/2023 21:44:30,D:/oneid_backend/icao-guidelines-server/dataset\N230701209.JPG,True
21/10/2023 21:44:31,D:/oneid_backend/icao-guidelines-server/dataset\N230701220.JPG,True
21/10/2023 21:44:31,D:/oneid_backend/icao-guidelines-server/dataset\N230701228.JPG,True
21/10/2023 21:44:31,D:/oneid_backend/icao-guidelines-server/dataset\N230701233.JPG,True
21/10/2023 21:44:31,D:/oneid_backend/icao-guidelines-server/dataset\N230701243.JPG,True
21/10/2023 21:44:31,D:/oneid_backend/icao-guidelines-server/dataset\N230701246.JPG,True
21/10/2023 21:44:31,D:/oneid_backend/icao-guidelines-server/dataset\N230701250.JPG,True
21/10/2023 21:44:31,D:/oneid_backend/icao-guidelines-server/dataset\N230701255.JPG,True
21/10/2023 21:44:32,D:/oneid_backend/icao-guidelines-server/dataset\N230701262.JPG,True
21/10/2023 21:44:32,D:/oneid_backend/icao-guidelines-server/dataset\N230701267.JPG,True
21/10/2023 21:44:32,D:/oneid_backend/icao-guidelines-server/dataset\N230701275.JPG,True
21/10/2023 21:44:32,D:/oneid_backend/icao-guidelines-server/dataset\N230701280.JPG,True
21/10/2023 21:44:32,D:/oneid_backend/icao-guidelines-server/dataset\N230701282.JPG,True
21/10/2023 21:44:32,D:/oneid_backend/icao-guidelines-server/dataset\N230701283.JPG,True
21/10/2023 21:44:32,D:/oneid_backend/icao-guidelines-server/dataset\N230701285.JPG,True
21/10/2023 21:44:33,D:/oneid_backend/icao-guidelines-server/dataset\N230701287.JPG,True
21/10/2023 21:44:33,D:/oneid_backend/icao-guidelines-server/dataset\N230701288.JPG,True
21/10/2023 21:44:33,D:/oneid_backend/icao-guidelines-server/dataset\N230701291.JPG,True
21/10/2023 21:44:33,D:/oneid_backend/icao-guidelines-server/dataset\N230701292.JPG,True
21/10/2023 21:44:33,D:/oneid_backend/icao-guidelines-server/dataset\N230701293.JPG,True
21/10/2023 21:44:33,D:/oneid_backend/icao-guidelines-server/dataset\N230701298.JPG,True
21/10/2023 21:44:34,D:/oneid_backend/icao-guidelines-server/dataset\N230701302.JPG,True
21/10/2023 21:44:34,D:/oneid_backend/icao-guidelines-server/dataset\N230701304.JPG,True
21/10/2023 21:44:34,D:/oneid_backend/icao-guidelines-server/dataset\N230701309.JPG,True
21/10/2023 21:44:34,D:/oneid_backend/icao-guidelines-server/dataset\N230701312.JPG,True
21/10/2023 21:44:34,D:/oneid_backend/icao-guidelines-server/dataset\N230701328.JPG,True
21/10/2023 21:44:34,D:/oneid_backend/icao-guidelines-server/dataset\N230701334.JPG,True
21/10/2023 21:44:34,D:/oneid_backend/icao-guidelines-server/dataset\N230701364.JPG,True
21/10/2023 21:44:35,D:/oneid_backend/icao-guidelines-server/dataset\N230701387.JPG,True
21/10/2023 21:44:35,D:/oneid_backend/icao-guidelines-server/dataset\N230701437.JPG,True
21/10/2023 21:44:35,D:/oneid_backend/icao-guidelines-server/dataset\N230701443.JPG,True
21/10/2023 21:44:35,D:/oneid_backend/icao-guidelines-server/dataset\N230701457.JPG,True
21/10/2023 21:44:35,D:/oneid_backend/icao-guidelines-server/dataset\N230701476.JPG,True
21/10/2023 21:44:36,D:/oneid_backend/icao-guidelines-server/dataset\N231100857.JPG,True
21/10/2023 21:44:36,D:/oneid_backend/icao-guidelines-server/dataset\N231100866.JPG,True
21/10/2023 21:44:36,D:/oneid_backend/icao-guidelines-server/dataset\N231100869.JPG,True
21/10/2023 21:44:36,D:/oneid_backend/icao-guidelines-server/dataset\N231100873.JPG,True
21/10/2023 21:44:36,D:/oneid_backend/icao-guidelines-server/dataset\N231100874.JPG,True
21/10/2023 21:44:37,D:/oneid_backend/icao-guidelines-server/dataset\N231100882.JPG,True
21/10/2023 21:44:37,D:/oneid_backend/icao-guidelines-server/dataset\N231100896.JPG,True
21/10/2023 21:44:37,D:/oneid_backend/icao-guidelines-server/dataset\N231100910.JPG,True
21/10/2023 21:44:37,D:/oneid_backend/icao-guidelines-server/dataset\N231100957.JPG,True
21/10/2023 21:44:37,D:/oneid_backend/icao-guidelines-server/dataset\N231100969.JPG,False
21/10/2023 21:44:38,D:/oneid_backend/icao-guidelines-server/dataset\N231100974.JPG,True
21/10/2023 21:44:38,D:/oneid_backend/icao-guidelines-server/dataset\N231100976.JPG,True
21/10/2023 21:44:38,D:/oneid_backend/icao-guidelines-server/dataset\N231100979.JPG,True
21/10/2023 21:44:38,D:/oneid_backend/icao-guidelines-server/dataset\N231100985.JPG,True
21/10/2023 21:44:39,D:/oneid_backend/icao-guidelines-server/dataset\N231100997.JPG,True
21/10/2023 21:44:39,D:/oneid_backend/icao-guidelines-server/dataset\N231101012.JPG,True
21/10/2023 21:44:39,D:/oneid_backend/icao-guidelines-server/dataset\N231101039.JPG,True
21/10/2023 21:44:39,D:/oneid_backend/icao-guidelines-server/dataset\N231200772.JPG,True
21/10/2023 21:44:39,D:/oneid_backend/icao-guidelines-server/dataset\N231200774.JPG,True
21/10/2023 21:44:39,D:/oneid_backend/icao-guidelines-server/dataset\N231200776.JPG,True
21/10/2023 21:44:40,D:/oneid_backend/icao-guidelines-server/dataset\N231200791.JPG,True
21/10/2023 21:44:40,D:/oneid_backend/icao-guidelines-server/dataset\N231200798.JPG,True
21/10/2023 21:44:40,D:/oneid_backend/icao-guidelines-server/dataset\N231200801.JPG,True
21/10/2023 21:44:40,D:/oneid_backend/icao-guidelines-server/dataset\N231200809.JPG,True
21/10/2023 21:44:40,D:/oneid_backend/icao-guidelines-server/dataset\N231200819.JPG,True
21/10/2023 21:44:40,D:/oneid_backend/icao-guidelines-server/dataset\N231200820.JPG,True
21/10/2023 21:44:40,D:/oneid_backend/icao-guidelines-server/dataset\N231200824.JPG,True
21/10/2023 21:44:40,D:/oneid_backend/icao-guidelines-server/dataset\N231200835.JPG,True
21/10/2023 21:44:41,D:/oneid_backend/icao-guidelines-server/dataset\N231200851.JPG,True
21/10/2023 21:44:41,D:/oneid_backend/icao-guidelines-server/dataset\N231200858.JPG,True
21/10/2023 21:44:41,D:/oneid_backend/icao-guidelines-server/dataset\N231200862.JPG,True
21/10/2023 21:44:41,D:/oneid_backend/icao-guidelines-server/dataset\N231200870.JPG,True
21/10/2023 21:44:41,D:/oneid_backend/icao-guidelines-server/dataset\N231200871.JPG,True
21/10/2023 21:44:41,D:/oneid_backend/icao-guidelines-server/dataset\N231200893.JPG,True
21/10/2023 21:44:41,D:/oneid_backend/icao-guidelines-server/dataset\N231200901.JPG,True
21/10/2023 21:44:42,D:/oneid_backend/icao-guidelines-server/dataset\N231200913.JPG,True
21/10/2023 21:44:42,D:/oneid_backend/icao-guidelines-server/dataset\N231200914.JPG,True
21/10/2023 21:44:42,D:/oneid_backend/icao-guidelines-server/dataset\N231200918.JPG,True
21/10/2023 21:44:42,D:/oneid_backend/icao-guidelines-server/dataset\N231200922.JPG,True
21/10/2023 21:44:42,D:/oneid_backend/icao-guidelines-server/dataset\N231200923.JPG,True
21/10/2023 21:44:42,D:/oneid_backend/icao-guidelines-server/dataset\N231200966.JPG,True
21/10/2023 21:44:42,D:/oneid_backend/icao-guidelines-server/dataset\N231200975.JPG,True
21/10/2023 21:44:42,D:/oneid_backend/icao-guidelines-server/dataset\N231300860.JPG,True
21/10/2023 21:44:43,D:/oneid_backend/icao-guidelines-server/dataset\N231300862.JPG,True
21/10/2023 21:44:43,D:/oneid_backend/icao-guidelines-server/dataset\N231300864.JPG,True
21/10/2023 21:44:43,D:/oneid_backend/icao-guidelines-server/dataset\N231300867.JPG,True
21/10/2023 21:44:43,D:/oneid_backend/icao-guidelines-server/dataset\N231300868.JPG,True
21/10/2023 21:44:43,D:/oneid_backend/icao-guidelines-server/dataset\N231300879.JPG,True
21/10/2023 21:44:43,D:/oneid_backend/icao-guidelines-server/dataset\N231300896.JPG,True
21/10/2023 21:44:43,D:/oneid_backend/icao-guidelines-server/dataset\N231300901.JPG,True
21/10/2023 21:44:44,D:/oneid_backend/icao-guidelines-server/dataset\N231300915.JPG,True
21/10/2023 21:44:44,D:/oneid_backend/icao-guidelines-server/dataset\N231300927.JPG,True
21/10/2023 21:44:44,D:/oneid_backend/icao-guidelines-server/dataset\N231300942.JPG,True
21/10/2023 21:44:44,D:/oneid_backend/icao-guidelines-server/dataset\N231300943.JPG,True
21/10/2023 21:44:44,D:/oneid_backend/icao-guidelines-server/dataset\N231300951.JPG,True
21/10/2023 21:44:44,D:/oneid_backend/icao-guidelines-server/dataset\N231300954.JPG,True
21/10/2023 21:44:44,D:/oneid_backend/icao-guidelines-server/dataset\N231300959.JPG,True
21/10/2023 21:44:44,D:/oneid_backend/icao-guidelines-server/dataset\N231300985.JPG,True
21/10/2023 21:44:45,D:/oneid_backend/icao-guidelines-server/dataset\N231300994.JPG,True
21/10/2023 21:44:45,D:/oneid_backend/icao-guidelines-server/dataset\N231301002.JPG,True
21/10/2023 21:44:45,D:/oneid_backend/icao-guidelines-server/dataset\N231301006.JPG,True
21/10/2023 21:44:45,D:/oneid_backend/icao-guidelines-server/dataset\N231301007.JPG,True
21/10/2023 21:44:45,D:/oneid_backend/icao-guidelines-server/dataset\N231301016.JPG,True
21/10/2023 21:44:45,D:/oneid_backend/icao-guidelines-server/dataset\N231301024.JPG,True
21/10/2023 21:44:45,D:/oneid_backend/icao-guidelines-server/dataset\N231301025.JPG,True
21/10/2023 21:44:46,D:/oneid_backend/icao-guidelines-server/dataset\N231301026.JPG,True
21/10/2023 21:44:46,D:/oneid_backend/icao-guidelines-server/dataset\N231301036.JPG,True
21/10/2023 21:44:46,D:/oneid_backend/icao-guidelines-server/dataset\N231301044.JPG,True
21/10/2023 21:44:46,D:/oneid_backend/icao-guidelines-server/dataset\N231301058.JPG,True
21/10/2023 21:44:46,D:/oneid_backend/icao-guidelines-server/dataset\N231301059.JPG,True
21/10/2023 21:44:46,D:/oneid_backend/icao-guidelines-server/dataset\N231301078.JPG,True
21/10/2023 21:44:46,D:/oneid_backend/icao-guidelines-server/dataset\N231301085.JPG,False
21/10/2023 21:44:46,D:/oneid_backend/icao-guidelines-server/dataset\N231301102.JPG,True
21/10/2023 21:44:47,D:/oneid_backend/icao-guidelines-server/dataset\N231301105.JPG,True
21/10/2023 21:44:47,D:/oneid_backend/icao-guidelines-server/dataset\N231401176.JPG,True
21/10/2023 21:44:47,D:/oneid_backend/icao-guidelines-server/dataset\N231401190.JPG,True
21/10/2023 21:44:47,D:/oneid_backend/icao-guidelines-server/dataset\N231401197.JPG,True
21/10/2023 21:44:47,D:/oneid_backend/icao-guidelines-server/dataset\N231401198.JPG,True
21/10/2023 21:44:47,D:/oneid_backend/icao-guidelines-server/dataset\N231401225.JPG,True
21/10/2023 21:44:47,D:/oneid_backend/icao-guidelines-server/dataset\N231401242.JPG,True
21/10/2023 21:44:48,D:/oneid_backend/icao-guidelines-server/dataset\N231401253.JPG,True
21/10/2023 21:44:48,D:/oneid_backend/icao-guidelines-server/dataset\N231401256.JPG,True
21/10/2023 21:44:48,D:/oneid_backend/icao-guidelines-server/dataset\N231401263.JPG,True
21/10/2023 21:44:48,D:/oneid_backend/icao-guidelines-server/dataset\N231401264.JPG,True
21/10/2023 21:44:48,D:/oneid_backend/icao-guidelines-server/dataset\N231401268.JPG,True
21/10/2023 21:44:48,D:/oneid_backend/icao-guidelines-server/dataset\N231401277.JPG,True
21/10/2023 21:44:48,D:/oneid_backend/icao-guidelines-server/dataset\N231401284.JPG,True
21/10/2023 21:44:49,D:/oneid_backend/icao-guidelines-server/dataset\N231401290.JPG,True
21/10/2023 21:44:49,D:/oneid_backend/icao-guidelines-server/dataset\N231401303.JPG,True
21/10/2023 21:44:49,D:/oneid_backend/icao-guidelines-server/dataset\N231401318.JPG,True
21/10/2023 21:44:49,D:/oneid_backend/icao-guidelines-server/dataset\N231401325.JPG,True
21/10/2023 21:44:49,D:/oneid_backend/icao-guidelines-server/dataset\N231401326.JPG,True
21/10/2023 21:44:49,D:/oneid_backend/icao-guidelines-server/dataset\N231500951.JPG,True
21/10/2023 21:44:49,D:/oneid_backend/icao-guidelines-server/dataset\N231500954.JPG,True
21/10/2023 21:44:49,D:/oneid_backend/icao-guidelines-server/dataset\N231500959.JPG,True
21/10/2023 21:44:50,D:/oneid_backend/icao-guidelines-server/dataset\N231500993.JPG,True
21/10/2023 21:44:50,D:/oneid_backend/icao-guidelines-server/dataset\N231501007.JPG,True
21/10/2023 21:44:50,D:/oneid_backend/icao-guidelines-server/dataset\N231501009.JPG,True
21/10/2023 21:44:50,D:/oneid_backend/icao-guidelines-server/dataset\N231501011.JPG,True
21/10/2023 21:44:50,D:/oneid_backend/icao-guidelines-server/dataset\N231501013.JPG,True
21/10/2023 21:44:50,D:/oneid_backend/icao-guidelines-server/dataset\N231501029.JPG,True
21/10/2023 21:44:50,D:/oneid_backend/icao-guidelines-server/dataset\N231501032.JPG,True
21/10/2023 21:44:50,D:/oneid_backend/icao-guidelines-server/dataset\N231501043.JPG,True
21/10/2023 21:44:51,D:/oneid_backend/icao-guidelines-server/dataset\N231501047.JPG,True
21/10/2023 21:44:51,D:/oneid_backend/icao-guidelines-server/dataset\N231501057.JPG,True
21/10/2023 21:44:51,D:/oneid_backend/icao-guidelines-server/dataset\N231501063.JPG,True
21/10/2023 21:44:51,D:/oneid_backend/icao-guidelines-server/dataset\N231501064.JPG,True
21/10/2023 21:44:51,D:/oneid_backend/icao-guidelines-server/dataset\N231501066.JPG,True
21/10/2023 21:44:51,D:/oneid_backend/icao-guidelines-server/dataset\N231501073.JPG,True
21/10/2023 21:44:51,D:/oneid_backend/icao-guidelines-server/dataset\N231501076.JPG,True
21/10/2023 21:44:51,D:/oneid_backend/icao-guidelines-server/dataset\N231501101.JPG,True
21/10/2023 21:44:52,D:/oneid_backend/icao-guidelines-server/dataset\N231501102.JPG,True
21/10/2023 21:44:52,D:/oneid_backend/icao-guidelines-server/dataset\N231501112.JPG,True
21/10/2023 21:44:52,D:/oneid_backend/icao-guidelines-server/dataset\N231501121.JPG,True
21/10/2023 21:44:52,D:/oneid_backend/icao-guidelines-server/dataset\N231501125.JPG,True
21/10/2023 21:44:52,D:/oneid_backend/icao-guidelines-server/dataset\N231600919.JPG,True
21/10/2023 21:44:52,D:/oneid_backend/icao-guidelines-server/dataset\N231600922.JPG,True
21/10/2023 21:44:52,D:/oneid_backend/icao-guidelines-server/dataset\N231600929.JPG,True
21/10/2023 21:44:52,D:/oneid_backend/icao-guidelines-server/dataset\N231600941.JPG,True
21/10/2023 21:44:52,D:/oneid_backend/icao-guidelines-server/dataset\N231600966.JPG,True
21/10/2023 21:44:53,D:/oneid_backend/icao-guidelines-server/dataset\N231600982.JPG,True
21/10/2023 21:44:53,D:/oneid_backend/icao-guidelines-server/dataset\N231600984.JPG,True
21/10/2023 21:44:53,D:/oneid_backend/icao-guidelines-server/dataset\N231600996.JPG,True
21/10/2023 21:44:53,D:/oneid_backend/icao-guidelines-server/dataset\N231601015.JPG,True
21/10/2023 21:44:53,D:/oneid_backend/icao-guidelines-server/dataset\N231601044.JPG,True
21/10/2023 21:44:53,D:/oneid_backend/icao-guidelines-server/dataset\N231601052.JPG,True
21/10/2023 21:44:53,D:/oneid_backend/icao-guidelines-server/dataset\N231601055.JPG,False
21/10/2023 21:44:53,D:/oneid_backend/icao-guidelines-server/dataset\N231601079.JPG,True
21/10/2023 21:44:54,D:/oneid_backend/icao-guidelines-server/dataset\N231601086.JPG,True
21/10/2023 21:44:54,D:/oneid_backend/icao-guidelines-server/dataset\N231601100.JPG,True
21/10/2023 21:44:54,D:/oneid_backend/icao-guidelines-server/dataset\N231601129.JPG,True
21/10/2023 21:44:54,D:/oneid_backend/icao-guidelines-server/dataset\N231701433.JPG,True
21/10/2023 21:44:54,D:/oneid_backend/icao-guidelines-server/dataset\N231701443.JPG,True
21/10/2023 21:44:54,D:/oneid_backend/icao-guidelines-server/dataset\N231701444.JPG,True
21/10/2023 21:44:54,D:/oneid_backend/icao-guidelines-server/dataset\N231701448.JPG,True
21/10/2023 21:44:54,D:/oneid_backend/icao-guidelines-server/dataset\N231701460.JPG,True
21/10/2023 21:44:55,D:/oneid_backend/icao-guidelines-server/dataset\N231701463.JPG,True
21/10/2023 21:44:55,D:/oneid_backend/icao-guidelines-server/dataset\N231701466.JPG,True
21/10/2023 21:44:55,D:/oneid_backend/icao-guidelines-server/dataset\N231701495.JPG,True
21/10/2023 21:44:55,D:/oneid_backend/icao-guidelines-server/dataset\N231701516.JPG,True
21/10/2023 21:44:55,D:/oneid_backend/icao-guidelines-server/dataset\N231701524.JPG,True
21/10/2023 21:44:55,D:/oneid_backend/icao-guidelines-server/dataset\N231701529.JPG,True
21/10/2023 21:44:55,D:/oneid_backend/icao-guidelines-server/dataset\N231701531.JPG,True
21/10/2023 21:44:55,D:/oneid_backend/icao-guidelines-server/dataset\N231701551.JPG,True
21/10/2023 21:44:56,D:/oneid_backend/icao-guidelines-server/dataset\N231701595.JPG,True
21/10/2023 21:44:56,D:/oneid_backend/icao-guidelines-server/dataset\N231701615.JPG,True
21/10/2023 21:44:56,D:/oneid_backend/icao-guidelines-server/dataset\N231701621.JPG,True
21/10/2023 21:44:56,D:/oneid_backend/icao-guidelines-server/dataset\N231701627.JPG,True
21/10/2023 21:44:56,D:/oneid_backend/icao-guidelines-server/dataset\N231701635.JPG,True
21/10/2023 21:44:56,D:/oneid_backend/icao-guidelines-server/dataset\N231701652.JPG,True
21/10/2023 21:44:56,D:/oneid_backend/icao-guidelines-server/dataset\N231701664.JPG,True
21/10/2023 21:44:56,D:/oneid_backend/icao-guidelines-server/dataset\N231701677.JPG,True
21/10/2023 21:44:57,D:/oneid_backend/icao-guidelines-server/dataset\N231701700.JPG,True
21/10/2023 21:44:57,D:/oneid_backend/icao-guidelines-server/dataset\N231701704.JPG,True
21/10/2023 21:44:57,D:/oneid_backend/icao-guidelines-server/dataset\N231701712.JPG,True
21/10/2023 21:44:57,D:/oneid_backend/icao-guidelines-server/dataset\N231701726.JPG,True
21/10/2023 21:44:57,D:/oneid_backend/icao-guidelines-server/dataset\N231703080.JPG,True
21/10/2023 21:44:57,D:/oneid_backend/icao-guidelines-server/dataset\N231703659.JPG,True
21/10/2023 21:44:57,D:/oneid_backend/icao-guidelines-server/dataset\N231704338.JPG,True
21/10/2023 21:44:58,D:/oneid_backend/icao-guidelines-server/dataset\N231705525.JPG,True
21/10/2023 21:44:58,D:/oneid_backend/icao-guidelines-server/dataset\N231707783.JPG,True
21/10/2023 21:44:58,D:/oneid_backend/icao-guidelines-server/dataset\N231708792.JPG,True
21/10/2023 21:44:58,D:/oneid_backend/icao-guidelines-server/dataset\N232800024.JPG,True
21/10/2023 21:44:58,D:/oneid_backend/icao-guidelines-server/dataset\N236000315.JPG,True
21/10/2023 21:44:58,D:/oneid_backend/icao-guidelines-server/dataset\N236000322.JPG,True
21/10/2023 21:44:58,D:/oneid_backend/icao-guidelines-server/dataset\N236000327.JPG,True
21/10/2023 21:44:58,D:/oneid_backend/icao-guidelines-server/dataset\N236000328.JPG,True
21/10/2023 21:44:59,D:/oneid_backend/icao-guidelines-server/dataset\N236000330.JPG,True
21/10/2023 21:44:59,D:/oneid_backend/icao-guidelines-server/dataset\N236000343.JPG,True
21/10/2023 21:44:59,D:/oneid_backend/icao-guidelines-server/dataset\N236000354.JPG,True
21/10/2023 21:44:59,D:/oneid_backend/icao-guidelines-server/dataset\N236000371.JPG,True
21/10/2023 21:44:59,D:/oneid_backend/icao-guidelines-server/dataset\N236100467.JPG,True
21/10/2023 21:44:59,D:/oneid_backend/icao-guidelines-server/dataset\N236100469.JPG,True
21/10/2023 21:44:59,D:/oneid_backend/icao-guidelines-server/dataset\N236100475.JPG,True
21/10/2023 21:44:59,D:/oneid_backend/icao-guidelines-server/dataset\N236100476.JPG,True
21/10/2023 21:45:00,D:/oneid_backend/icao-guidelines-server/dataset\N236100492.JPG,True
21/10/2023 21:45:00,D:/oneid_backend/icao-guidelines-server/dataset\N236100494.JPG,True
21/10/2023 21:45:00,D:/oneid_backend/icao-guidelines-server/dataset\N236100497.JPG,True
21/10/2023 21:45:00,D:/oneid_backend/icao-guidelines-server/dataset\N236100499.JPG,True
21/10/2023 21:45:00,D:/oneid_backend/icao-guidelines-server/dataset\N236100500.JPG,True
21/10/2023 21:45:00,D:/oneid_backend/icao-guidelines-server/dataset\N236100502.JPG,True
21/10/2023 21:45:00,D:/oneid_backend/icao-guidelines-server/dataset\N236100506.JPG,True
21/10/2023 21:45:01,D:/oneid_backend/icao-guidelines-server/dataset\N236100508.JPG,True
21/10/2023 21:45:01,D:/oneid_backend/icao-guidelines-server/dataset\N236100516.JPG,True
21/10/2023 21:45:01,D:/oneid_backend/icao-guidelines-server/dataset\N236100517.JPG,True
21/10/2023 21:45:01,D:/oneid_backend/icao-guidelines-server/dataset\N236100530.JPG,True
21/10/2023 21:45:01,D:/oneid_backend/icao-guidelines-server/dataset\N236100531.JPG,True
21/10/2023 21:45:01,D:/oneid_backend/icao-guidelines-server/dataset\N236100538.JPG,True
21/10/2023 21:45:01,D:/oneid_backend/icao-guidelines-server/dataset\N236100545.JPG,True
21/10/2023 21:45:01,D:/oneid_backend/icao-guidelines-server/dataset\N236100555.JPG,True
21/10/2023 21:45:02,D:/oneid_backend/icao-guidelines-server/dataset\N237000273.JPG,True
21/10/2023 21:45:02,D:/oneid_backend/icao-guidelines-server/dataset\N237000311.JPG,True
21/10/2023 21:45:02,D:/oneid_backend/icao-guidelines-server/dataset\N237000313.JPG,True
21/10/2023 21:45:02,D:/oneid_backend/icao-guidelines-server/dataset\N237100581.JPG,True
21/10/2023 21:45:02,D:/oneid_backend/icao-guidelines-server/dataset\N237100582.JPG,True
21/10/2023 21:45:02,D:/oneid_backend/icao-guidelines-server/dataset\N237100583.JPG,True
21/10/2023 21:45:02,D:/oneid_backend/icao-guidelines-server/dataset\N237100585.JPG,True
21/10/2023 21:45:03,D:/oneid_backend/icao-guidelines-server/dataset\N237100588.JPG,True
21/10/2023 21:45:03,D:/oneid_backend/icao-guidelines-server/dataset\N237100590.JPG,True
21/10/2023 21:45:03,D:/oneid_backend/icao-guidelines-server/dataset\N237100592.JPG,True
21/10/2023 21:45:03,D:/oneid_backend/icao-guidelines-server/dataset\N237100610.JPG,True
21/10/2023 21:45:03,D:/oneid_backend/icao-guidelines-server/dataset\N237100634.JPG,True
21/10/2023 21:45:03,D:/oneid_backend/icao-guidelines-server/dataset\N237100638.JPG,True
21/10/2023 21:45:03,D:/oneid_backend/icao-guidelines-server/dataset\N237100668.JPG,True
21/10/2023 21:45:03,D:/oneid_backend/icao-guidelines-server/dataset\N237100672.JPG,True
21/10/2023 21:45:04,D:/oneid_backend/icao-guidelines-server/dataset\N237100677.JPG,True
21/10/2023 21:45:04,D:/oneid_backend/icao-guidelines-server/dataset\N238000179.JPG,True
21/10/2023 21:45:04,D:/oneid_backend/icao-guidelines-server/dataset\N238000201.JPG,True
21/10/2023 21:45:04,D:/oneid_backend/icao-guidelines-server/dataset\N238000204.JPG,True
21/10/2023 21:45:04,D:/oneid_backend/icao-guidelines-server/dataset\N238100551.JPG,True
21/10/2023 21:45:04,D:/oneid_backend/icao-guidelines-server/dataset\N238100554.JPG,True
21/10/2023 21:45:04,D:/oneid_backend/icao-guidelines-server/dataset\N238100555.JPG,True
21/10/2023 21:45:05,D:/oneid_backend/icao-guidelines-server/dataset\N238100559.JPG,True
21/10/2023 21:45:05,D:/oneid_backend/icao-guidelines-server/dataset\N238100575.JPG,True
21/10/2023 21:45:05,D:/oneid_backend/icao-guidelines-server/dataset\N238100592.JPG,True
21/10/2023 21:45:05,D:/oneid_backend/icao-guidelines-server/dataset\N238100600.JPG,True
21/10/2023 21:45:05,D:/oneid_backend/icao-guidelines-server/dataset\N238100624.JPG,True
21/10/2023 21:45:05,D:/oneid_backend/icao-guidelines-server/dataset\N238100646.JPG,True
21/10/2023 21:45:05,D:/oneid_backend/icao-guidelines-server/dataset\N238100650.JPG,True
21/10/2023 21:45:06,D:/oneid_backend/icao-guidelines-server/dataset\N238100651.JPG,True
21/10/2023 21:45:06,D:/oneid_backend/icao-guidelines-server/dataset\N238100654.JPG,True
21/10/2023 21:45:06,D:/oneid_backend/icao-guidelines-server/dataset\N238100655.JPG,True
21/10/2023 21:45:06,D:/oneid_backend/icao-guidelines-server/dataset\N239001012.JPG,True
21/10/2023 21:45:06,D:/oneid_backend/icao-guidelines-server/dataset\N239001014.JPG,True
21/10/2023 21:45:06,D:/oneid_backend/icao-guidelines-server/dataset\N239001015.JPG,True
21/10/2023 21:45:06,D:/oneid_backend/icao-guidelines-server/dataset\N239001016.JPG,True
21/10/2023 21:45:07,D:/oneid_backend/icao-guidelines-server/dataset\N239001017.JPG,True
21/10/2023 21:45:07,D:/oneid_backend/icao-guidelines-server/dataset\N239001031.JPG,True
21/10/2023 21:45:07,D:/oneid_backend/icao-guidelines-server/dataset\N239001060.JPG,True
21/10/2023 21:45:07,D:/oneid_backend/icao-guidelines-server/dataset\N239001064.JPG,True
21/10/2023 21:45:07,D:/oneid_backend/icao-guidelines-server/dataset\N239001086.JPG,True
21/10/2023 21:45:07,D:/oneid_backend/icao-guidelines-server/dataset\N239001100.JPG,True
21/10/2023 21:45:07,D:/oneid_backend/icao-guidelines-server/dataset\N239001107.JPG,True
21/10/2023 21:45:07,D:/oneid_backend/icao-guidelines-server/dataset\N239001118.JPG,True
21/10/2023 21:45:08,D:/oneid_backend/icao-guidelines-server/dataset\N239001120.JPG,True
21/10/2023 21:45:08,D:/oneid_backend/icao-guidelines-server/dataset\N239001127.JPG,True
21/10/2023 21:45:08,D:/oneid_backend/icao-guidelines-server/dataset\N239001141.JPG,True
21/10/2023 21:45:08,D:/oneid_backend/icao-guidelines-server/dataset\N239001148.JPG,True
21/10/2023 21:45:08,D:/oneid_backend/icao-guidelines-server/dataset\N239001150.JPG,True
21/10/2023 21:45:08,D:/oneid_backend/icao-guidelines-server/dataset\N239001165.JPG,True
21/10/2023 21:45:08,D:/oneid_backend/icao-guidelines-server/dataset\N239001170.JPG,True
21/10/2023 21:45:09,D:/oneid_backend/icao-guidelines-server/dataset\N239001179.JPG,True
21/10/2023 21:45:09,D:/oneid_backend/icao-guidelines-server/dataset\N239001197.JPG,True
21/10/2023 21:45:09,D:/oneid_backend/icao-guidelines-server/dataset\N239001198.JPG,True
21/10/2023 21:45:09,D:/oneid_backend/icao-guidelines-server/dataset\N239001203.JPG,True
21/10/2023 21:45:09,D:/oneid_backend/icao-guidelines-server/dataset\N239001206.JPG,True
21/10/2023 21:45:09,D:/oneid_backend/icao-guidelines-server/dataset\N239001213.JPG,True
21/10/2023 21:45:09,D:/oneid_backend/icao-guidelines-server/dataset\N239001214.JPG,True
21/10/2023 21:45:10,D:/oneid_backend/icao-guidelines-server/dataset\N239001219.JPG,True
21/10/2023 21:45:10,D:/oneid_backend/icao-guidelines-server/dataset\N239001223.JPG,True
